Year,Name,Nameco,lg,Tm,Vote Pts,1st Place,Share,WAR,G,AB,R,H,HR,RBI,SB,BB,BA,OBP,SLG,OPS
2017,Jose Altuve,altuvjo01,AL,HOU,405,27,96%,8.3,153,590,112,204,24,81,32,58,0.346,0.41,0.547,0.957
2017,Aaron Judge,judgeaa01,AL,NYY,279,2,66%,8.1,155,542,128,154,52,114,9,127,0.284,0.422,0.627,1.049
2017,Jose Ramirez,ramirjo01,AL,CLE,237,1,56%,6.9,152,585,107,186,29,83,17,52,0.318,0.374,0.583,0.957
2017,Mike Trout,troutmi01,AL,LAA,197,0,47%,6.7,114,402,92,123,33,72,22,94,0.306,0.442,0.629,1.071
2017,Francisco Lindor,lindofr01,AL,CLE,143,0,34%,5.5,159,651,99,178,33,89,15,60,0.273,0.337,0.505,0.842
2017,Mookie Betts,bettsmo01,AL,BOS,110,0,26%,6.4,153,628,101,166,24,102,26,77,0.264,0.344,0.459,0.803
2017,Andrelton Simmons,simmoan01,AL,LAA,60,0,14%,7.1,158,589,77,164,14,69,19,47,0.278,0.331,0.421,0.752
2017,Nelson Cruz,cruzne02,AL,SEA,44,0,10%,4.1,155,556,91,160,39,119,1,70,0.288,0.375,0.549,0.924
2017,Brian Dozier,doziebr01,AL,MIN,25,0,6%,4.5,152,617,106,167,34,93,16,78,0.271,0.359,0.498,0.856
2017,Jonathan Schoop,schoojo01,AL,BAL,19,0,5%,5.2,160,622,92,182,32,105,1,35,0.293,0.338,0.503,0.841
2017,George Springer,springe01,AL,HOU,17,0,4%,5,140,548,112,155,34,85,5,64,0.283,0.367,0.522,0.889
2017,Jose Abreu,abreujo02,AL,CHW,16,0,4%,4.7,156,621,95,189,33,102,3,35,0.304,0.354,0.552,0.906
2017,Eric Hosmer,hosmeer01,AL,KCR,16,0,4%,4.1,162,603,98,192,25,94,6,66,0.318,0.385,0.498,0.882
2017,Justin Upton,uptonju01,AL,TOT,12,0,3%,5.7,152,557,100,152,35,109,14,74,0.273,0.361,0.54,0.901
2017,Carlos Correa,correca01,AL,HOU,9,0,2%,6.3,109,422,82,133,24,84,2,53,0.315,0.391,0.55,0.941
2017,Byron Buxton,buxtoby01,AL,MIN,7,0,2%,5.2,140,462,69,117,16,51,29,38,0.253,0.314,0.413,0.728
2017,Marwin Gonzalez,gonzama01,AL,HOU,6,0,1%,4.3,134,455,67,138,23,90,8,49,0.303,0.377,0.53,0.907
2017,Edwin Encarnacion,encared01,AL,CLE,4,0,1%,2.8,157,554,96,143,38,107,2,104,0.258,0.377,0.504,0.881
2017,Didi Gregorius,gregodi01,AL,NYY,4,0,1%,3.7,136,534,73,153,25,87,3,25,0.287,0.318,0.478,0.796
2017,Khris Davis,daviskh01,AL,OAK,1,0,0%,2.6,153,566,91,140,43,110,4,73,0.247,0.336,0.528,0.864
2017,Josh Donaldson,donaljo02,AL,TOR,1,0,0%,4.8,113,415,65,112,33,78,2,76,0.27,0.385,0.559,0.944
2017,Gary Sanchez,sanchga02,AL,NYY,1,0,0%,4.1,122,471,79,131,33,90,2,40,0.278,0.345,0.531,0.876
2016,Mike Trout,troutmi01,AL,LAA,356,19,85%,10.5,159,549,123,173,29,100,30,116,0.315,0.441,0.55,0.991
2016,Mookie Betts,bettsmo01,AL,BOS,311,9,74%,9.7,158,672,122,214,31,113,26,49,0.318,0.363,0.534,0.897
2016,Jose Altuve,altuvjo01,AL,HOU,227,0,54%,7.7,161,640,108,216,24,96,30,60,0.338,0.396,0.531,0.928
2016,Josh Donaldson,donaljo02,AL,TOR,200,0,48%,7.6,155,577,122,164,37,99,7,109,0.284,0.404,0.549,0.953
2016,Manny Machado,machama01,AL,BAL,150,0,36%,6.9,157,640,105,188,37,96,0,48,0.294,0.343,0.533,0.876
2016,David Ortiz,ortizda01,AL,BOS,147,1,35%,5.2,151,537,79,169,38,127,2,80,0.315,0.401,0.62,1.021
2016,Adrian Beltre,beltrad01,AL,TEX,135,1,32%,6.5,153,583,89,175,32,104,1,48,0.3,0.358,0.521,0.879
2016,Robinson Cano,canoro01,AL,SEA,79,0,19%,7.3,161,655,107,195,39,103,0,47,0.298,0.35,0.533,0.882
2016,Miguel Cabrera,cabremi01,AL,DET,56,0,13%,4.7,158,595,92,188,38,108,0,75,0.316,0.393,0.563,0.956
2016,Francisco Lindor,lindofr01,AL,CLE,56,0,13%,5.9,158,604,99,182,15,78,19,57,0.301,0.358,0.435,0.794
2016,Kyle Seager,seageky01,AL,SEA,10,0,2%,6.9,158,597,89,166,30,99,3,69,0.278,0.359,0.499,0.859
2016,Brian Dozier,doziebr01,AL,MIN,9,0,2%,6.3,155,615,104,165,42,99,18,61,0.268,0.34,0.546,0.886
2016,Edwin Encarnacion,encared01,AL,TOR,7,0,2%,3.8,160,601,99,158,42,127,2,87,0.263,0.357,0.529,0.886
2016,Nelson Cruz,cruzne02,AL,SEA,6,0,1%,4.7,155,589,96,169,43,105,2,62,0.287,0.36,0.555,0.915
2016,Jose Ramirez,ramirjo01,AL,CLE,2,0,0%,4.1,152,565,84,176,11,76,22,44,0.312,0.363,0.462,0.825
2016,Adam Eaton,eatonad02,AL,CHW,1,0,0%,6.1,157,619,91,176,14,59,14,63,0.284,0.362,0.428,0.79
2016,Evan Longoria,longoev01,AL,TBR,1,0,0%,3.9,160,633,81,173,36,98,0,42,0.273,0.318,0.521,0.84
2015,Josh Donaldson,donaljo02,AL,TOR,385,23,92%,8.5,158,620,122,184,41,123,6,73,0.297,0.371,0.568,0.939
2015,Mike Trout,troutmi01,AL,LAA,304,7,72%,9.4,159,575,104,172,41,90,11,92,0.299,0.402,0.59,0.991
2015,Lorenzo Cain,cainlo01,AL,KCR,225,0,54%,7.2,140,551,101,169,16,72,28,37,0.307,0.361,0.477,0.838
2015,Manny Machado,machama01,AL,BAL,158,0,38%,7.1,162,633,102,181,35,86,20,70,0.286,0.359,0.502,0.861
2015,Nelson Cruz,cruzne02,AL,SEA,94,0,22%,5.1,152,590,90,178,44,93,3,59,0.302,0.369,0.566,0.936
2015,Adrian Beltre,beltrad01,AL,TEX,83,0,20%,5.9,143,567,83,163,18,83,1,41,0.287,0.334,0.453,0.788
2015,Jose Bautista,bautijo02,AL,TOR,82,0,20%,4.8,153,543,108,136,40,114,8,110,0.25,0.377,0.536,0.913
2015,Jose Altuve,altuvjo01,AL,HOU,44,0,10%,4.8,154,638,86,200,15,66,38,33,0.313,0.353,0.459,0.812
2015,Miguel Cabrera,cabremi01,AL,DET,40,0,10%,5.2,119,429,64,145,18,76,1,77,0.338,0.44,0.534,0.974
2015,Edwin Encarnacion,encared01,AL,TOR,38,0,9%,4.5,146,528,94,146,39,111,3,77,0.277,0.372,0.557,0.929
2015,Prince Fielder,fieldpr01,AL,TEX,33,0,8%,1.8,158,613,78,187,23,98,0,64,0.305,0.378,0.463,0.841
2015,Chris Davis,davisch02,AL,BAL,32,0,8%,5.3,160,573,100,150,47,117,2,84,0.262,0.361,0.562,0.923
2015,J.D. Martinez,martijd02,AL,DET,18,0,4%,5,158,596,93,168,38,102,3,53,0.282,0.344,0.535,0.879
2015,Jason Kipnis,kipnija01,AL,CLE,17,0,4%,4.6,141,565,86,171,9,52,12,57,0.303,0.372,0.451,0.823
2015,Kevin Kiermaier,kiermke01,AL,TBR,10,0,2%,7.5,151,505,62,133,10,40,18,24,0.263,0.298,0.42,0.718
2015,Kendrys Morales,moralke01,AL,KCR,7,0,2%,2.4,158,569,81,165,22,106,0,58,0.29,0.362,0.485,0.847
2015,Mookie Betts,bettsmo01,AL,BOS,4,0,1%,5.9,145,597,92,174,18,77,21,46,0.291,0.341,0.479,0.82
2015,Jose Abreu,abreujo02,AL,CHW,3,0,1%,3.8,154,613,88,178,30,101,0,39,0.29,0.347,0.502,0.85
2015,Ian Kinsler,kinslia01,AL,DET,3,0,1%,5.9,154,624,94,185,11,73,10,43,0.296,0.342,0.428,0.77
2015,Mike Moustakas,moustmi01,AL,KCR,3,0,1%,4.4,147,549,73,156,22,82,1,43,0.284,0.348,0.47,0.817
2015,Carlos Correa,correca01,AL,HOU,2,0,0%,4.3,99,387,52,108,22,68,14,40,0.279,0.345,0.512,0.857
2015,Eric Hosmer,hosmeer01,AL,KCR,2,0,0%,3.6,158,599,98,178,18,93,7,61,0.297,0.363,0.459,0.822
2015,Russell Martin,martiru01,AL,TOR,2,0,0%,3,129,441,76,106,23,77,4,53,0.24,0.329,0.458,0.787
2015,Brian McCann,mccanbr01,AL,NYY,2,0,0%,2.6,135,465,68,108,26,94,0,52,0.232,0.32,0.437,0.756
2015,Michael Brantley,brantmi02,AL,CLE,1,0,0%,3.4,137,529,68,164,15,84,15,60,0.31,0.379,0.48,0.859
2015,Brian Dozier,doziebr01,AL,MIN,1,0,0%,2.6,157,628,101,148,28,77,12,61,0.236,0.307,0.444,0.751
2015,David Ortiz,ortizda01,AL,BOS,1,0,0%,3.1,146,528,73,144,37,108,0,77,0.273,0.36,0.553,0.913
2015,Alex Rodriguez,rodrial01,AL,NYY,1,0,0%,2.9,151,523,83,131,33,86,4,84,0.25,0.356,0.486,0.842
2015,Mark Teixeira,teixema01,AL,NYY,1,0,0%,3.7,111,392,57,100,31,79,2,59,0.255,0.357,0.548,0.906
2014,Mike Trout,troutmi01,AL,LAA,420,30,100%,7.6,157,602,115,173,36,111,16,83,0.287,0.377,0.561,0.939
2014,Victor Martinez,martivi01,AL,DET,229,0,55%,5.5,151,561,87,188,32,103,3,70,0.335,0.409,0.565,0.974
2014,Michael Brantley,brantmi02,AL,CLE,191,0,45%,6.7,156,611,94,200,20,97,23,52,0.327,0.385,0.506,0.89
2014,Jose Abreu,abreujo02,AL,CHW,145,0,35%,5.8,145,556,80,176,36,107,3,51,0.317,0.383,0.581,0.964
2014,Robinson Cano,canoro01,AL,SEA,124,0,30%,6.4,157,595,77,187,14,82,10,61,0.314,0.382,0.454,0.836
2014,Jose Bautista,bautijo02,AL,TOR,122,0,29%,6.7,155,553,101,158,35,103,6,104,0.286,0.403,0.524,0.928
2014,Nelson Cruz,cruzne02,AL,BAL,102,0,24%,4.6,159,613,87,166,40,108,4,55,0.271,0.333,0.525,0.859
2014,Josh Donaldson,donaljo02,AL,OAK,96,0,23%,7.5,158,608,93,155,29,98,8,76,0.255,0.342,0.456,0.798
2014,Miguel Cabrera,cabremi01,AL,DET,82,0,20%,5.1,159,611,101,191,25,109,1,60,0.313,0.371,0.524,0.895
2014,Alex Gordon,gordoal01,AL,KCR,44,0,10%,6.5,156,563,87,150,19,74,12,65,0.266,0.351,0.432,0.783
2014,Jose Altuve,altuvjo01,AL,HOU,41,0,10%,6.1,158,660,85,225,7,59,56,36,0.341,0.377,0.453,0.83
2014,Adam Jones,jonesad01,AL,BAL,34,0,8%,4.8,159,644,88,181,29,96,7,19,0.281,0.311,0.469,0.78
2014,Adrian Beltre,beltrad01,AL,TEX,22,0,5%,6.7,148,549,79,178,19,77,1,57,0.324,0.388,0.492,0.879
2014,Albert Pujols,pujolal01,AL,LAA,5,0,1%,4,159,633,89,172,28,105,5,48,0.272,0.324,0.466,0.79
2014,Howie Kendrick,kendrho01,AL,LAA,3,0,1%,5.4,157,617,85,181,7,75,14,48,0.293,0.347,0.397,0.744
2014,Kyle Seager,seageky01,AL,SEA,1,0,0%,5.8,159,590,71,158,25,96,7,52,0.268,0.334,0.454,0.788
2013,Miguel Cabrera,cabremi01,AL,DET,385,23,92%,7.3,148,555,103,193,44,137,3,90,0.348,0.442,0.636,1.078
2013,Mike Trout,troutmi01,AL,LAA,282,5,67%,9,157,589,109,190,27,97,33,110,0.323,0.432,0.557,0.988
2013,Chris Davis,davisch02,AL,BAL,232,1,55%,6.5,160,584,103,167,53,138,4,72,0.286,0.37,0.634,1.004
2013,Josh Donaldson,donaljo02,AL,OAK,222,1,53%,7.7,158,579,89,174,24,93,5,76,0.301,0.384,0.499,0.883
2013,Robinson Cano,canoro01,AL,NYY,150,0,36%,7.8,160,605,81,190,27,107,7,65,0.314,0.383,0.516,0.899
2013,Evan Longoria,longoev01,AL,TBR,103,0,25%,6.2,160,614,91,165,32,88,1,70,0.269,0.343,0.498,0.842
2013,Adrian Beltre,beltrad01,AL,TEX,99,0,24%,5.6,161,631,88,199,30,92,1,50,0.315,0.371,0.509,0.88
2013,Dustin Pedroia,pedrodu01,AL,BOS,99,0,24%,6.3,160,641,91,193,9,84,17,73,0.301,0.372,0.415,0.787
2013,Manny Machado,machama01,AL,BAL,57,0,14%,6.7,156,667,88,189,14,71,6,29,0.283,0.314,0.432,0.746
2013,David Ortiz,ortizda01,AL,BOS,47,0,11%,4.4,137,518,84,160,30,103,4,76,0.309,0.395,0.564,0.959
2013,Jason Kipnis,kipnija01,AL,CLE,31,0,7%,5.7,149,564,86,160,17,84,30,76,0.284,0.366,0.452,0.818
2013,Adam Jones,jonesad01,AL,BAL,9,0,2%,4.7,160,653,100,186,33,108,14,25,0.285,0.318,0.493,0.811
2013,Edwin Encarnacion,encared01,AL,TOR,7,0,2%,4,142,530,90,144,36,104,7,82,0.272,0.37,0.534,0.904
2013,Coco Crisp,crispco01,AL,OAK,3,0,1%,3.8,131,513,93,134,22,66,21,61,0.261,0.335,0.444,0.779
2013,Jacoby Ellsbury,ellsbja01,AL,BOS,3,0,1%,5.7,134,577,92,172,9,53,52,47,0.298,0.355,0.426,0.781
2013,Carlos Santana,santaca01,AL,CLE,3,0,1%,4.3,154,541,75,145,20,74,3,93,0.268,0.377,0.455,0.832
2013,Torii Hunter,hunteto01,AL,DET,2,0,0%,2.2,144,606,90,184,17,84,3,26,0.304,0.334,0.465,0.8
2013,Salvador Perez,perezsa02,AL,KCR,1,0,0%,4.2,138,496,48,145,13,79,0,21,0.292,0.323,0.433,0.757
2013,Shane Victorino,victosh01,AL,BOS,1,0,0%,6.1,122,477,82,140,15,61,21,25,0.294,0.351,0.451,0.801
2012,Miguel Cabrera,cabremi01,AL,DET,362,22,92%,7.1,161,622,109,205,44,139,4,66,0.33,0.393,0.606,0.999
2012,Mike Trout,troutmi01,AL,LAA,281,6,72%,10.5,139,559,129,182,30,83,49,67,0.326,0.399,0.564,0.963
2012,Adrian Beltre,beltrad01,AL,TEX,210,0,54%,7.2,156,604,95,194,36,102,1,36,0.321,0.359,0.561,0.921
2012,Robinson Cano,canoro01,AL,NYY,149,0,38%,8.4,161,627,105,196,33,94,3,61,0.313,0.379,0.55,0.929
2012,Josh Hamilton,hamiljo03,AL,TEX,127,0,32%,4,148,562,103,160,43,128,7,60,0.285,0.354,0.577,0.93
2012,Adam Jones,jonesad01,AL,BAL,120,0,31%,4.1,162,648,103,186,32,82,16,34,0.287,0.334,0.505,0.839
2012,Derek Jeter,jeterde01,AL,NYY,77,0,20%,2.2,159,683,99,216,15,58,9,45,0.316,0.362,0.429,0.791
2012,Prince Fielder,fieldpr01,AL,DET,56,0,14%,4.7,162,581,83,182,30,108,1,85,0.313,0.412,0.528,0.94
2012,Yoenis Cespedes,cespeyo01,AL,OAK,41,0,10%,4,129,487,70,142,23,82,16,43,0.292,0.356,0.505,0.861
2012,Edwin Encarnacion,encared01,AL,TOR,33,0,8%,5,151,542,93,152,42,110,13,84,0.28,0.384,0.557,0.941
2012,Alex Rios,riosal01,AL,CHW,17,0,4%,4.8,157,605,93,184,25,91,23,26,0.304,0.334,0.516,0.85
2012,Josh Reddick,reddijo01,AL,OAK,14,0,4%,4.6,156,611,85,148,32,85,11,55,0.242,0.305,0.463,0.768
2012,Albert Pujols,pujolal01,AL,LAA,8,0,2%,4.8,154,607,85,173,30,105,8,52,0.285,0.343,0.516,0.859
2012,Ben Zobrist,zobribe01,AL,TBR,7,0,2%,5.8,157,560,88,151,20,74,14,97,0.27,0.377,0.471,0.848
2012,Joe Mauer,mauerjo01,AL,MIN,6,0,2%,4.4,147,545,81,174,10,85,8,90,0.319,0.416,0.446,0.861
2012,Matt Wieters,wietema01,AL,BAL,4,0,1%,4.1,144,526,67,131,23,83,3,60,0.249,0.329,0.435,0.764
2012,Raul Ibanez,ibanera01,AL,NYY,1,0,0%,0.5,130,384,50,92,19,62,3,35,0.24,0.308,0.453,0.761
2011,Jacoby Ellsbury,ellsbja01,AL,BOS,242,4,62%,8.3,158,660,119,212,32,105,39,52,0.321,0.376,0.552,0.928
2011,Jose Bautista,bautijo02,AL,TOR,231,5,59%,8.3,149,513,105,155,43,103,9,132,0.302,0.447,0.608,1.056
2011,Curtis Granderson,grandcu01,AL,NYY,215,3,55%,6.1,156,583,136,153,41,119,25,85,0.262,0.364,0.552,0.916
2011,Miguel Cabrera,cabremi01,AL,DET,193,2,49%,7.6,161,572,111,197,30,105,2,108,0.344,0.448,0.586,1.033
2011,Robinson Cano,canoro01,AL,NYY,112,0,29%,5.8,159,623,104,188,28,118,8,38,0.302,0.349,0.533,0.882
2011,Adrian Gonzalez,gonzaad01,AL,BOS,105,0,27%,6.9,159,630,108,213,27,117,1,74,0.338,0.41,0.548,0.957
2011,Michael Young,youngmi02,AL,TEX,96,1,24%,2.7,159,631,88,213,11,106,6,47,0.338,0.38,0.474,0.854
2011,Dustin Pedroia,pedrodu01,AL,BOS,48,0,12%,8,159,635,102,195,21,91,26,86,0.307,0.387,0.474,0.861
2011,Evan Longoria,longoev01,AL,TBR,27,0,7%,7.2,133,483,78,118,31,99,3,80,0.244,0.355,0.495,0.85
2011,Ian Kinsler,kinslia01,AL,TEX,25,0,6%,7,155,620,121,158,32,77,30,89,0.255,0.355,0.477,0.832
2011,Alex Avila,avilaal01,AL,DET,13,0,3%,5.1,141,464,63,137,19,82,3,73,0.295,0.389,0.506,0.895
2011,Paul Konerko,konerpa01,AL,CHW,11,0,3%,2.9,149,543,69,163,31,105,1,77,0.3,0.388,0.517,0.906
2011,Adrian Beltre,beltrad01,AL,TEX,9,0,2%,5.6,124,487,82,144,32,105,1,25,0.296,0.331,0.561,0.892
2011,Victor Martinez,martivi01,AL,DET,7,0,2%,3.2,145,540,76,178,12,103,1,46,0.33,0.38,0.47,0.85
2011,Ben Zobrist,zobribe01,AL,TBR,7,0,2%,7.6,156,588,99,158,20,91,19,77,0.269,0.353,0.469,0.822
2011,Mark Teixeira,teixema01,AL,NYY,5,0,1%,3.4,156,589,90,146,39,111,4,76,0.248,0.341,0.494,0.835
2011,Asdrubal Cabrera,cabreas01,AL,CLE,4,0,1%,4.7,151,604,87,165,25,92,17,44,0.273,0.332,0.46,0.792
2011,Alex Gordon,gordoal01,AL,KCR,3,0,1%,7.3,151,611,101,185,23,87,17,67,0.303,0.376,0.502,0.879
2011,Josh Hamilton,hamiljo03,AL,TEX,1,0,0%,3.8,121,487,80,145,25,94,8,39,0.298,0.346,0.536,0.882
2010,Josh Hamilton,hamiljo03,AL,TEX,358,22,91%,8.7,133,518,95,186,32,100,8,43,0.359,0.411,0.633,1.044
2010,Miguel Cabrera,cabremi01,AL,DET,262,5,67%,6.5,150,548,111,180,38,126,3,89,0.328,0.42,0.622,1.042
2010,Robinson Cano,canoro01,AL,NYY,229,0,58%,8.1,160,626,103,200,29,109,3,57,0.319,0.381,0.534,0.914
2010,Jose Bautista,bautijo02,AL,TOR,165,1,42%,7,161,569,109,148,54,124,9,100,0.26,0.378,0.617,0.995
2010,Paul Konerko,konerpa01,AL,CHW,130,0,33%,4.7,149,548,89,171,39,111,0,72,0.312,0.393,0.584,0.977
2010,Evan Longoria,longoev01,AL,TBR,100,0,26%,8.2,151,574,96,169,22,104,15,72,0.294,0.372,0.507,0.879
2010,Carl Crawford,crawfca02,AL,TBR,98,0,25%,7,154,600,110,184,19,90,47,46,0.307,0.356,0.495,0.851
2010,Joe Mauer,mauerjo01,AL,MIN,97,0,25%,5.9,137,510,88,167,9,75,1,65,0.327,0.402,0.469,0.871
2010,Adrian Beltre,beltrad01,AL,BOS,83,0,21%,7.8,154,589,84,189,28,102,2,40,0.321,0.365,0.553,0.919
2010,Delmon Young,youngde03,AL,MIN,44,0,11%,1.9,153,570,77,170,21,112,5,28,0.298,0.333,0.493,0.826
2010,Vladimir Guerrero,guerrvl01,AL,TEX,22,0,6%,1.8,152,593,83,178,29,115,4,35,0.3,0.345,0.496,0.841
2010,Shin-Soo Choo,choosh01,AL,CLE,9,0,2%,5.9,144,550,81,165,22,90,22,83,0.3,0.401,0.484,0.885
2010,Alex Rodriguez,rodrial01,AL,NYY,8,0,2%,4.2,137,522,74,141,30,125,4,59,0.27,0.341,0.506,0.847
2010,Ichiro Suzuki,suzukic01,AL,SEA,3,0,1%,3.7,162,680,74,214,6,43,42,45,0.315,0.359,0.394,0.754
2010,Jim Thome,thomeji01,AL,MIN,2,0,1%,3.6,108,276,48,78,25,59,0,60,0.283,0.412,0.627,1.039
2010,Mark Teixeira,teixema01,AL,NYY,1,0,0%,4.1,158,601,113,154,33,108,0,93,0.256,0.365,0.481,0.846
2009,Joe Mauer,mauerjo01,AL,MIN,387,27,99%,7.8,138,523,94,191,28,96,4,76,0.365,0.444,0.587,1.031
2009,Mark Teixeira,teixema01,AL,NYY,225,0,57%,5.3,156,609,103,178,39,122,2,81,0.292,0.383,0.565,0.948
2009,Derek Jeter,jeterde01,AL,NYY,193,0,49%,6.6,153,634,107,212,18,66,30,72,0.334,0.406,0.465,0.871
2009,Miguel Cabrera,cabremi01,AL,DET,171,1,44%,5.1,160,611,96,198,34,103,6,68,0.324,0.396,0.547,0.942
2009,Kendrys Morales,moralke01,AL,LAA,170,0,43%,4.3,152,566,86,173,34,108,3,46,0.306,0.355,0.569,0.924
2009,Kevin Youkilis,youklke01,AL,BOS,150,0,38%,6.6,136,491,99,150,27,94,7,77,0.305,0.413,0.548,0.961
2009,Jason Bay,bayja01,AL,BOS,78,0,20%,5.2,151,531,103,142,36,119,13,94,0.267,0.384,0.537,0.921
2009,Ben Zobrist,zobribe01,AL,TBR,34,0,9%,8.6,152,501,91,149,27,91,17,91,0.297,0.405,0.543,0.948
2009,Ichiro Suzuki,suzukic01,AL,SEA,33,0,8%,4.7,146,639,88,225,11,46,26,32,0.352,0.386,0.465,0.851
2009,Chone Figgins,figgich01,AL,LAA,31,0,8%,7.7,158,615,114,183,5,54,42,101,0.298,0.395,0.393,0.789
2009,Alex Rodriguez,rodrial01,AL,NYY,31,0,8%,4.2,124,444,78,127,30,100,14,80,0.286,0.402,0.532,0.933
2009,Bobby Abreu,abreubo01,AL,LAA,23,0,6%,3.2,152,563,96,165,15,103,30,94,0.293,0.39,0.435,0.825
2009,Aaron Hill,hillaa01,AL,TOR,23,0,6%,5.8,158,682,103,195,36,108,6,42,0.286,0.33,0.499,0.829
2009,Adam Lind,lindad01,AL,TOR,14,0,4%,3.9,151,587,93,179,35,114,1,58,0.305,0.37,0.562,0.932
2009,Michael Young,youngmi02,AL,TEX,13,0,3%,2.8,135,541,76,174,22,68,8,47,0.322,0.374,0.518,0.892
2009,Robinson Cano,canoro01,AL,NYY,12,0,3%,4.5,161,637,103,204,25,85,5,30,0.32,0.352,0.52,0.871
2009,Evan Longoria,longoev01,AL,TBR,9,0,2%,7,157,584,100,164,33,113,9,72,0.281,0.364,0.526,0.889
2009,Michael Cuddyer,cuddymi01,AL,MIN,4,0,1%,2.8,153,588,93,162,32,94,6,54,0.276,0.342,0.52,0.862
2009,Victor Martinez,martivi01,AL,TOT,4,0,1%,3.6,155,588,88,178,23,108,1,75,0.303,0.381,0.48,0.861
2009,Jason Kubel,kubelja01,AL,MIN,3,0,1%,3.5,146,514,73,154,28,103,1,56,0.3,0.369,0.539,0.907
2009,Placido Polanco,polanpl01,AL,DET,2,0,1%,2.5,153,618,82,176,10,72,7,36,0.285,0.331,0.396,0.727
2009,Ian Kinsler,kinslia01,AL,TEX,1,0,0%,6,144,566,101,143,31,86,31,59,0.253,0.327,0.488,0.814
2008,Dustin Pedroia,pedrodu01,AL,BOS,317,16,81%,6.9,157,653,118,213,17,83,20,50,0.326,0.376,0.493,0.869
2008,Justin Morneau,morneju01,AL,MIN,257,7,66%,4.2,163,623,97,187,23,129,0,76,0.3,0.374,0.499,0.873
2008,Kevin Youkilis,youklke01,AL,BOS,201,2,51%,6.3,145,538,91,168,29,115,3,62,0.312,0.39,0.569,0.958
2008,Joe Mauer,mauerjo01,AL,MIN,188,2,48%,5.6,146,536,98,176,9,85,1,84,0.328,0.413,0.451,0.864
2008,Carlos Quentin,quentca01,AL,CHW,160,0,41%,5.3,130,480,96,138,36,100,7,66,0.288,0.394,0.571,0.965
2008,Josh Hamilton,hamiljo03,AL,TEX,112,0,29%,5.5,156,624,98,190,32,130,9,64,0.304,0.371,0.53,0.901
2008,Alex Rodriguez,rodrial01,AL,NYY,45,0,11%,6.8,138,510,104,154,35,103,18,65,0.302,0.392,0.573,0.965
2008,Carlos Pena,penaca01,AL,TBR,44,0,11%,5.1,139,490,76,121,31,102,1,96,0.247,0.377,0.494,0.871
2008,Grady Sizemore,sizemgr01,AL,CLE,42,0,11%,5.9,157,634,101,170,33,90,38,98,0.268,0.374,0.502,0.876
2008,Evan Longoria,longoev01,AL,TBR,38,0,10%,4.8,122,448,67,122,27,85,7,46,0.272,0.343,0.531,0.874
2008,Miguel Cabrera,cabremi01,AL,DET,17,0,4%,2.7,160,616,85,180,37,127,1,56,0.292,0.349,0.537,0.887
2008,Vladimir Guerrero,guerrvl01,AL,LAA,16,0,4%,2.4,143,541,85,164,27,91,5,51,0.303,0.365,0.521,0.886
2008,Jermaine Dye,dyeje01,AL,CHW,14,0,4%,2.8,154,590,96,172,34,96,3,44,0.292,0.344,0.541,0.885
2008,Aubrey Huff,huffau01,AL,BAL,12,0,3%,4.1,154,598,96,182,32,108,4,53,0.304,0.36,0.552,0.912
2008,Milton Bradley,bradlmi01,AL,TEX,9,0,2%,5.2,126,414,78,133,22,77,5,80,0.321,0.436,0.563,0.999
2008,Jason Bartlett,bartlja01,AL,TBR,6,0,2%,1.7,128,454,48,130,1,37,20,22,0.286,0.329,0.361,0.69
2008,Raul Ibanez,ibanera01,AL,SEA,1,0,0%,2.7,162,635,85,186,23,110,2,64,0.293,0.358,0.479,0.837
2008,Ian Kinsler,kinslia01,AL,TEX,1,0,0%,4.7,121,518,102,165,18,71,26,45,0.319,0.375,0.517,0.892
2008,Ichiro Suzuki,suzukic01,AL,SEA,1,0,0%,5.4,162,686,103,213,6,42,43,51,0.31,0.361,0.386,0.747
2008,Mark Teixeira,teixema01,AL,LAA,1,0,0%,3.7,54,193,39,69,13,43,2,32,0.358,0.449,0.632,1.081
2007,Alex Rodriguez,rodrial01,AL,NYY,382,26,97%,9.4,158,583,143,183,54,156,24,95,0.314,0.422,0.645,1.067
2007,Magglio Ordonez,ordonma01,AL,DET,258,2,66%,7.3,157,595,117,216,28,139,4,76,0.363,0.434,0.595,1.029
2007,Vladimir Guerrero,guerrvl01,AL,LAA,203,0,52%,4.6,150,574,89,186,27,125,2,71,0.324,0.403,0.547,0.95
2007,David Ortiz,ortizda01,AL,BOS,177,0,45%,6.4,149,549,116,182,35,117,3,111,0.332,0.445,0.621,1.066
2007,Mike Lowell,lowelmi01,AL,BOS,126,0,32%,5,154,589,79,191,21,120,3,53,0.324,0.378,0.501,0.879
2007,Jorge Posada,posadjo01,AL,NYY,112,0,29%,5.4,144,506,91,171,20,90,2,74,0.338,0.426,0.543,0.97
2007,Victor Martinez,martivi01,AL,CLE,103,0,26%,4.3,147,562,78,169,25,114,0,62,0.301,0.374,0.505,0.879
2007,Ichiro Suzuki,suzukic01,AL,SEA,89,0,23%,5.8,161,678,111,238,6,68,37,49,0.351,0.396,0.431,0.827
2007,Carlos Pena,penaca01,AL,TBD,64,0,16%,7.2,148,490,99,138,46,121,1,103,0.282,0.411,0.627,1.037
2007,Curtis Granderson,grandcu01,AL,DET,51,0,13%,7.6,158,612,122,185,23,74,26,52,0.302,0.361,0.552,0.913
2007,Derek Jeter,jeterde01,AL,NYY,17,0,4%,3.9,156,639,102,206,12,73,15,56,0.322,0.388,0.452,0.84
2007,Grady Sizemore,sizemgr01,AL,CLE,15,0,4%,5.5,162,628,118,174,24,78,33,101,0.277,0.39,0.462,0.852
2007,Orlando Cabrera,cabreor01,AL,LAA,5,0,1%,4.2,155,638,101,192,8,86,20,44,0.301,0.345,0.397,0.742
2007,Torii Hunter,hunteto01,AL,MIN,5,0,1%,3.9,160,600,94,172,28,107,18,40,0.287,0.334,0.505,0.839
2007,Bobby Abreu,abreubo01,AL,NYY,4,0,1%,2.4,158,605,123,171,16,101,25,84,0.283,0.369,0.445,0.814
2007,Placido Polanco,polanpl01,AL,DET,4,0,1%,6.1,142,587,105,200,9,67,7,37,0.341,0.388,0.458,0.846
2007,Chone Figgins,figgich01,AL,LAA,3,0,1%,3.4,115,442,81,146,3,58,41,51,0.33,0.393,0.432,0.825
2007,Justin Morneau,morneju01,AL,MIN,3,0,1%,2.9,157,590,84,160,31,111,1,64,0.271,0.343,0.492,0.834
2007,Frank Thomas,thomafr04,AL,TOR,1,0,0%,2.2,155,531,63,147,26,95,0,81,0.277,0.377,0.48,0.857
2006,Justin Morneau,morneju01,AL,MIN,320,15,82%,4.3,157,592,97,190,34,130,3,53,0.321,0.375,0.559,0.934
2006,Derek Jeter,jeterde01,AL,NYY,306,12,78%,5.6,154,623,118,214,14,97,34,69,0.343,0.417,0.483,0.9
2006,David Ortiz,ortizda01,AL,BOS,193,0,49%,5.8,151,558,115,160,54,137,1,119,0.287,0.413,0.636,1.049
2006,Frank Thomas,thomafr04,AL,OAK,174,0,44%,3.2,137,466,77,126,39,114,0,81,0.27,0.381,0.545,0.926
2006,Jermaine Dye,dyeje01,AL,CHW,156,0,40%,4.6,146,539,103,170,44,120,7,59,0.315,0.385,0.622,1.006
2006,Joe Mauer,mauerjo01,AL,MIN,116,0,30%,5.8,140,521,86,181,13,84,8,79,0.347,0.429,0.507,0.936
2006,Travis Hafner,hafnetr01,AL,CLE,64,0,16%,5.9,129,454,100,140,42,117,0,100,0.308,0.439,0.659,1.097
2006,Vladimir Guerrero,guerrvl01,AL,LAA,46,0,12%,3.8,156,607,92,200,33,116,15,50,0.329,0.382,0.552,0.934
2006,Carlos Guillen,guillca01,AL,DET,34,0,9%,6,153,543,100,174,19,85,20,71,0.32,0.4,0.519,0.92
2006,Grady Sizemore,sizemgr01,AL,CLE,24,0,6%,6.6,162,655,134,190,28,76,22,78,0.29,0.375,0.533,0.907
2006,Jim Thome,thomeji01,AL,CHW,17,0,4%,4.9,143,490,108,141,42,109,0,107,0.288,0.416,0.598,1.014
2006,Alex Rodriguez,rodrial01,AL,NYY,13,0,3%,4.5,154,572,113,166,35,121,15,90,0.29,0.392,0.523,0.914
2006,Jason Giambi,giambja01,AL,NYY,9,0,2%,2.9,139,446,92,113,37,113,2,110,0.253,0.413,0.558,0.971
2006,Johnny Damon,damonjo01,AL,NYY,7,0,2%,3.4,149,593,115,169,24,80,25,67,0.285,0.359,0.482,0.841
2006,Ichiro Suzuki,suzukic01,AL,SEA,7,0,2%,5.3,161,695,110,224,9,49,45,49,0.322,0.37,0.416,0.786
2006,Manny Ramirez,ramirma02,AL,BOS,6,0,2%,4.5,130,449,79,144,35,102,0,100,0.321,0.439,0.619,1.058
2006,Miguel Tejada,tejadmi01,AL,BAL,5,0,1%,4.5,162,648,99,214,24,100,6,46,0.33,0.379,0.498,0.878
2006,Raul Ibanez,ibanera01,AL,SEA,4,0,1%,4.5,159,626,103,181,33,123,2,65,0.289,0.353,0.516,0.869
2006,Robinson Cano,canoro01,AL,NYY,3,0,1%,3.2,122,482,62,165,15,78,5,18,0.342,0.365,0.525,0.89
2006,Paul Konerko,konerpa01,AL,CHW,3,0,1%,3,152,566,97,177,35,113,1,60,0.313,0.381,0.551,0.932
2006,Magglio Ordonez,ordonma01,AL,DET,3,0,1%,1.9,155,593,82,177,24,104,1,45,0.298,0.35,0.477,0.827
2006,Vernon Wells,wellsve01,AL,TOR,3,0,1%,6.2,154,611,91,185,32,106,17,54,0.303,0.357,0.542,0.899
2006,Carl Crawford,crawfca02,AL,TBD,2,0,1%,4.5,151,600,89,183,18,77,58,37,0.305,0.348,0.482,0.83
2006,Troy Glaus,glaustr01,AL,TOR,1,0,0%,4.3,153,540,105,136,38,104,3,86,0.252,0.355,0.513,0.868
2006,Gary Matthews,matthga02,AL,TEX,1,0,0%,5.2,147,620,102,194,19,79,10,58,0.313,0.371,0.495,0.866
2006,A.J. Pierzynski,pierza.01,AL,CHW,1,0,0%,2.1,140,509,65,150,16,64,1,22,0.295,0.333,0.436,0.769
2006,Michael Young,youngmi02,AL,TEX,1,0,0%,3.8,162,691,93,217,14,103,7,48,0.314,0.356,0.459,0.814
2005,Alex Rodriguez,rodrial01,AL,NYY,331,16,84%,9.4,162,605,124,194,48,130,21,91,0.321,0.421,0.61,1.031
2005,David Ortiz,ortizda01,AL,BOS,307,11,78%,5.2,159,601,119,180,47,148,1,102,0.3,0.397,0.604,1.001
2005,Vladimir Guerrero,guerrvl01,AL,LAA,196,1,50%,5.7,141,520,95,165,32,108,13,61,0.317,0.394,0.565,0.959
2005,Manny Ramirez,ramirma02,AL,BOS,156,0,40%,4.4,152,554,112,162,45,144,1,80,0.292,0.388,0.594,0.982
2005,Travis Hafner,hafnetr01,AL,CLE,151,0,39%,5.4,137,486,94,148,33,108,0,79,0.305,0.408,0.595,1.003
2005,Paul Konerko,konerpa01,AL,CHW,128,0,33%,4,158,575,98,163,40,100,0,81,0.283,0.375,0.534,0.909
2005,Mark Teixeira,teixema01,AL,TEX,106,0,27%,7.2,162,644,112,194,43,144,4,72,0.301,0.379,0.575,0.954
2005,Gary Sheffield,sheffga01,AL,NYY,84,0,21%,4.1,154,584,104,170,34,123,10,78,0.291,0.379,0.512,0.891
2005,Derek Jeter,jeterde01,AL,NYY,23,0,6%,3.8,159,654,122,202,19,70,14,77,0.309,0.389,0.45,0.839
2005,Michael Young,youngmi02,AL,TEX,20,0,5%,3.2,159,668,114,221,24,91,5,58,0.331,0.385,0.513,0.899
2005,Scott Podsednik,podsesc01,AL,CHW,15,0,4%,1.7,129,507,80,147,0,25,59,47,0.29,0.351,0.349,0.7
2005,Johnny Damon,damonjo01,AL,BOS,12,0,3%,4,148,624,117,197,10,75,18,53,0.316,0.366,0.439,0.805
2005,Hideki Matsui,matsuhi01,AL,NYY,8,0,2%,4.5,162,629,108,192,23,116,2,63,0.305,0.367,0.496,0.863
2005,Richie Sexson,sexsori01,AL,SEA,7,0,2%,3.9,156,558,99,147,39,121,1,89,0.263,0.369,0.541,0.91
2005,Miguel Tejada,tejadmi01,AL,BAL,7,0,2%,5.9,162,654,89,199,26,98,5,40,0.304,0.349,0.515,0.865
2005,Chone Figgins,figgich01,AL,LAA,6,0,2%,3.9,158,642,113,186,8,57,62,64,0.29,0.352,0.397,0.749
2005,Jason Giambi,giambja01,AL,NYY,5,0,1%,4.6,139,417,74,113,32,87,0,108,0.271,0.44,0.535,0.975
2005,Victor Martinez,martivi01,AL,CLE,5,0,1%,5.2,147,547,73,167,20,80,0,63,0.305,0.378,0.475,0.853
2005,Brian Roberts,roberbr01,AL,BAL,5,0,1%,7.3,143,561,92,176,18,73,27,67,0.314,0.387,0.515,0.903
2005,Eric Chavez,chaveer01,AL,OAK,4,0,1%,4.8,160,625,92,168,27,101,6,58,0.269,0.329,0.466,0.794
2005,Jason Varitek,varitja01,AL,BOS,4,0,1%,3.9,133,470,70,132,22,70,2,62,0.281,0.366,0.489,0.856
2005,Grady Sizemore,sizemgr01,AL,CLE,3,0,1%,6.6,158,640,111,185,22,81,22,52,0.289,0.348,0.484,0.832
2005,Jorge Cantu,cantujo01,AL,TBD,1,0,0%,1.2,150,598,73,171,28,117,1,19,0.286,0.311,0.497,0.808
2004,Vladimir Guerrero,guerrvl01,AL,ANA,354,21,90%,5.6,156,612,124,206,39,126,15,52,0.337,0.391,0.598,0.989
2004,Gary Sheffield,sheffga01,AL,NYY,254,5,65%,4.2,154,573,117,166,36,121,5,92,0.29,0.393,0.534,0.927
2004,Manny Ramirez,ramirma02,AL,BOS,238,1,61%,4.1,152,568,108,175,43,130,2,82,0.308,0.397,0.613,1.009
2004,David Ortiz,ortizda01,AL,BOS,174,1,44%,4.3,150,582,94,175,41,139,0,75,0.301,0.38,0.603,0.983
2004,Miguel Tejada,tejadmi01,AL,BAL,123,0,31%,7.4,162,653,107,203,34,150,4,48,0.311,0.36,0.534,0.894
2004,Ichiro Suzuki,suzukic01,AL,SEA,98,0,25%,9.2,161,704,101,262,8,60,36,49,0.372,0.414,0.455,0.869
2004,Michael Young,youngmi02,AL,TEX,92,0,23%,1.9,160,690,114,216,22,99,12,44,0.313,0.353,0.483,0.836
2004,Ivan Rodriguez,rodriiv01,AL,DET,34,0,9%,4.5,135,527,72,176,19,86,7,41,0.334,0.383,0.51,0.893
2004,Derek Jeter,jeterde01,AL,NYY,11,0,3%,4.2,154,643,111,188,23,78,23,46,0.292,0.352,0.471,0.823
2004,Mark Kotsay,kotsama01,AL,OAK,8,0,2%,4.6,148,606,78,190,15,63,8,55,0.314,0.37,0.459,0.829
2004,Alex Rodriguez,rodrial01,AL,NYY,8,0,2%,7.6,155,601,112,172,36,106,28,80,0.286,0.375,0.512,0.888
2004,Johnny Damon,damonjo01,AL,BOS,7,0,2%,4.3,150,621,123,189,20,94,19,76,0.304,0.38,0.477,0.857
2004,Paul Konerko,konerpa01,AL,CHW,7,0,2%,2.3,155,563,84,156,41,117,1,69,0.277,0.359,0.535,0.894
2004,Hank Blalock,blaloha01,AL,TEX,5,0,1%,4.6,159,624,107,172,32,110,2,75,0.276,0.355,0.5,0.855
2004,Melvin Mora,morame01,AL,BAL,5,0,1%,5.6,140,550,111,187,27,104,11,66,0.34,0.419,0.562,0.981
2004,Mark Teixeira,teixema01,AL,TEX,5,0,1%,4.6,145,545,101,153,38,112,4,68,0.281,0.37,0.56,0.929
2004,Torii Hunter,hunteto01,AL,MIN,4,0,1%,4.2,138,520,79,141,23,81,21,40,0.271,0.33,0.475,0.805
2004,Victor Martinez,martivi01,AL,CLE,4,0,1%,3.7,141,520,77,147,23,108,0,60,0.283,0.359,0.492,0.851
2004,Erubiel Durazo,durazer01,AL,OAK,3,0,1%,3.4,142,511,80,164,22,88,3,56,0.321,0.396,0.523,0.919
2004,Chone Figgins,figgich01,AL,ANA,2,0,1%,2.7,148,577,83,171,5,60,34,49,0.296,0.35,0.419,0.77
2004,Lew Ford,fordle01,AL,MIN,2,0,1%,4.5,154,569,89,170,15,72,20,67,0.299,0.381,0.446,0.827
2004,Carlos Guillen,guillca01,AL,DET,2,0,1%,4.6,136,522,97,166,20,97,12,52,0.318,0.379,0.542,0.921
2004,Travis Hafner,hafnetr01,AL,CLE,2,0,1%,5,140,482,96,150,28,109,3,68,0.311,0.41,0.583,0.993
2004,Hideki Matsui,matsuhi01,AL,NYY,2,0,1%,5,162,584,109,174,31,108,3,88,0.298,0.39,0.522,0.912
2004,Eric Chavez,chaveer01,AL,OAK,1,0,0%,5.5,125,475,87,131,29,77,6,95,0.276,0.397,0.501,0.898
2004,Jason Varitek,varitja01,AL,BOS,1,0,0%,4,137,463,67,137,18,73,10,62,0.296,0.39,0.482,0.872
2003,Alex Rodriguez,rodrial01,AL,TEX,242,6,62%,8.4,161,607,124,181,47,118,17,87,0.298,0.396,0.6,0.995
2003,Carlos Delgado,delgaca01,AL,TOR,213,5,54%,5.9,161,570,117,172,42,145,0,109,0.302,0.426,0.593,1.019
2003,Jorge Posada,posadjo01,AL,NYY,194,5,49%,5.9,142,481,83,135,30,101,2,93,0.281,0.405,0.518,0.922
2003,Shannon Stewart,stewash01,AL,TOT,140,3,36%,3.1,136,573,90,176,13,73,4,52,0.307,0.364,0.459,0.823
2003,David Ortiz,ortizda01,AL,BOS,130,4,33%,3.4,128,448,79,129,31,101,0,58,0.288,0.369,0.592,0.961
2003,Manny Ramirez,ramirma02,AL,BOS,100,1,26%,5.4,154,569,117,185,37,104,3,97,0.325,0.427,0.587,1.014
2003,Nomar Garciaparra,garcino01,AL,BOS,99,1,25%,6.1,156,658,120,198,28,105,19,39,0.301,0.345,0.524,0.87
2003,Vernon Wells,wellsve01,AL,TOR,84,1,21%,4.5,161,678,118,215,33,117,4,42,0.317,0.359,0.55,0.909
2003,Carlos Beltran,beltrca01,AL,KCR,77,0,20%,5.8,141,521,102,160,26,100,41,72,0.307,0.389,0.522,0.911
2003,Bret Boone,boonebr01,AL,SEA,65,0,17%,5.9,159,622,111,183,35,117,16,68,0.294,0.366,0.535,0.902
2003,Miguel Tejada,tejadmi01,AL,OAK,49,1,13%,4.9,162,636,98,177,27,106,10,53,0.278,0.336,0.472,0.807
2003,Bill Mueller,muellbi02,AL,BOS,45,0,11%,5.6,146,524,85,171,19,85,1,59,0.326,0.398,0.54,0.938
2003,Jason Giambi,giambja01,AL,NYY,36,1,9%,4.8,156,535,97,134,41,107,2,129,0.25,0.412,0.527,0.939
2003,Garret Anderson,anderga01,AL,ANA,35,0,9%,4,159,638,80,201,29,116,6,31,0.315,0.345,0.541,0.885
2003,Frank Thomas,thomafr04,AL,CHW,20,0,5%,4.3,153,546,87,146,42,105,0,100,0.267,0.39,0.562,0.952
2003,Eric Chavez,chaveer01,AL,OAK,18,0,5%,5.3,156,588,94,166,29,101,8,62,0.282,0.35,0.514,0.864
2003,Carlos Lee,leeca01,AL,CHW,16,0,4%,3.2,158,623,100,181,31,113,18,37,0.291,0.331,0.499,0.83
2003,Magglio Ordonez,ordonma01,AL,CHW,16,0,4%,5.6,160,606,95,192,29,99,9,57,0.317,0.38,0.546,0.926
2003,Alfonso Soriano,soriaal01,AL,NYY,15,0,4%,5.4,156,682,114,198,38,91,35,38,0.29,0.338,0.525,0.863
2003,Derek Jeter,jeterde01,AL,NYY,10,0,3%,3.6,119,482,87,156,10,52,11,43,0.324,0.393,0.45,0.844
2003,Ichiro Suzuki,suzukic01,AL,SEA,6,0,2%,5.6,159,679,111,212,13,62,34,36,0.312,0.352,0.436,0.788
2003,Aubrey Huff,huffau01,AL,TBD,4,0,1%,4,162,636,91,198,34,107,2,53,0.311,0.367,0.555,0.922
2003,Jason Varitek,varitja01,AL,BOS,4,0,1%,3,142,451,63,123,25,85,3,51,0.273,0.351,0.512,0.863
2002,Miguel Tejada,tejadmi01,AL,OAK,356,21,91%,5.6,162,662,108,204,34,131,7,38,0.308,0.354,0.508,0.861
2002,Alex Rodriguez,rodrial01,AL,TEX,254,5,65%,8.8,162,624,125,187,57,142,9,87,0.3,0.392,0.623,1.015
2002,Alfonso Soriano,soriaal01,AL,NYY,234,2,60%,4.8,156,696,128,209,39,102,41,23,0.3,0.332,0.547,0.88
2002,Garret Anderson,anderga01,AL,ANA,184,0,47%,5.1,158,638,93,195,29,123,6,30,0.306,0.332,0.539,0.871
2002,Jason Giambi,giambja01,AL,NYY,162,0,41%,7.1,155,560,120,176,41,122,2,109,0.314,0.435,0.598,1.034
2002,Torii Hunter,hunteto01,AL,MIN,132,0,34%,3.5,148,561,89,162,29,94,23,35,0.289,0.334,0.524,0.859
2002,Jim Thome,thomeji01,AL,CLE,69,0,18%,7.4,147,480,101,146,52,118,1,122,0.304,0.445,0.677,1.122
2002,Magglio Ordonez,ordonma01,AL,CHW,59,0,15%,5.1,153,590,116,189,38,135,7,53,0.32,0.381,0.597,0.978
2002,Manny Ramirez,ramirma02,AL,BOS,39,0,10%,6,120,436,84,152,33,107,0,73,0.349,0.45,0.647,1.097
2002,Bernie Williams,willibe02,AL,NYY,32,0,8%,4.5,154,612,102,204,19,102,8,83,0.333,0.415,0.493,0.908
2002,David Eckstein,eckstda01,AL,ANA,24,0,6%,5.3,152,608,107,178,8,63,21,45,0.293,0.363,0.388,0.752
2002,Nomar Garciaparra,garcino01,AL,BOS,24,0,6%,6.8,156,635,101,197,24,120,5,41,0.31,0.352,0.528,0.88
2002,Eric Chavez,chaveer01,AL,OAK,14,0,4%,4.2,153,585,87,161,34,109,8,65,0.275,0.348,0.513,0.86
2002,Ichiro Suzuki,suzukic01,AL,SEA,10,0,3%,3.5,157,647,111,208,8,51,31,68,0.321,0.388,0.425,0.813
2002,Mike Sweeney,sweenmi01,AL,KCR,1,0,0%,5,126,471,81,160,24,86,9,61,0.34,0.417,0.563,0.979
2017,Giancarlo Stanton,stantmi03,NL,MIA,302,10,72%,7.6,159,597,123,168,59,132,2,85,0.281,0.376,0.631,1.007
2017,Joey Votto,vottojo01,NL,CIN,300,10,71%,7.5,162,559,106,179,36,100,5,134,0.32,0.454,0.578,1.032
2017,Paul Goldschmidt,goldspa01,NL,ARI,239,4,57%,5.8,155,558,117,166,36,120,18,94,0.297,0.404,0.563,0.966
2017,Nolan Arenado,arenano01,NL,COL,229,2,55%,7.2,159,606,100,187,37,130,3,62,0.309,0.373,0.586,0.959
2017,Charlie Blackmon,blackch02,NL,COL,205,3,49%,6,159,644,137,213,37,104,14,65,0.331,0.399,0.601,1
2017,Anthony Rendon,rendoan01,NL,WSN,141,0,34%,6,147,508,81,153,25,100,7,84,0.301,0.403,0.533,0.937
2017,Kris Bryant,bryankr01,NL,CHC,132,1,31%,6.2,151,549,111,162,29,73,7,95,0.295,0.409,0.537,0.946
2017,Justin Turner,turneju01,NL,LAD,43,0,10%,5.8,130,457,72,147,21,71,7,59,0.322,0.415,0.53,0.945
2017,Cody Bellinger,bellico01,NL,LAD,38,0,9%,4.2,132,480,87,128,39,97,10,64,0.267,0.352,0.581,0.933
2017,Tommy Pham,phamth01,NL,STL,24,0,6%,6.2,128,444,95,136,23,73,25,71,0.306,0.411,0.52,0.931
2017,Bryce Harper,harpebr03,NL,WSN,21,0,5%,4.7,111,420,95,134,29,87,4,68,0.319,0.413,0.595,1.008
2017,Anthony Rizzo,rizzoan01,NL,CHC,17,0,4%,4.3,157,572,99,156,32,109,10,91,0.273,0.392,0.507,0.899
2017,J.D. Martinez,martijd02,NL,ARI,11,0,3%,2.6,62,232,47,70,29,65,2,24,0.302,0.366,0.741,1.107
2017,Marcell Ozuna,ozunama01,NL,MIA,8,0,2%,5.8,159,613,93,191,37,124,1,64,0.312,0.376,0.548,0.924
2017,Corey Seager,seageco01,NL,LAD,6,0,1%,5.6,145,539,85,159,22,77,4,67,0.295,0.375,0.479,0.854
2017,Daniel Murphy,murphda08,NL,WSN,3,0,1%,2.8,144,534,94,172,23,93,2,52,0.322,0.384,0.543,0.928
2017,Ryan Zimmerman,zimmery01,NL,WSN,1,0,0%,2.7,144,524,90,159,36,108,1,44,0.303,0.358,0.573,0.93
2016,Kris Bryant,bryankr01,NL,CHC,415,29,99%,7.4,155,603,121,176,39,102,8,75,0.292,0.385,0.554,0.939
2016,Daniel Murphy,murphda08,NL,WSN,245,1,58%,4.5,142,531,88,184,25,104,5,35,0.347,0.39,0.595,0.985
2016,Corey Seager,seageco01,NL,LAD,240,0,57%,5.9,157,627,105,193,26,72,3,54,0.308,0.365,0.512,0.877
2016,Anthony Rizzo,rizzoan01,NL,CHC,202,0,48%,5.5,155,583,94,170,32,109,3,74,0.292,0.385,0.544,0.928
2016,Nolan Arenado,arenano01,NL,COL,199,0,47%,6.6,160,618,116,182,41,133,2,68,0.294,0.362,0.57,0.932
2016,Freddie Freeman,freemfr01,NL,ATL,129,0,31%,6.5,158,589,102,178,34,91,6,89,0.302,0.4,0.569,0.968
2016,Joey Votto,vottojo01,NL,CIN,100,0,24%,4,158,556,101,181,29,97,8,108,0.326,0.434,0.55,0.985
2016,Yoenis Cespedes,cespeyo01,NL,NYM,45,0,11%,3.1,132,479,72,134,31,86,3,51,0.28,0.354,0.53,0.884
2016,Justin Turner,turneju01,NL,LAD,44,0,10%,4.7,151,556,79,153,27,90,4,48,0.275,0.339,0.493,0.832
2016,Paul Goldschmidt,goldspa01,NL,ARI,18,0,4%,4.7,158,579,106,172,24,95,32,110,0.297,0.411,0.489,0.899
2016,Brandon Crawford,crawfbr01,NL,SFG,15,0,4%,4.9,155,553,67,152,12,84,7,57,0.275,0.342,0.43,0.772
2016,Jean Segura,segurje01,NL,ARI,14,0,3%,5.5,153,637,102,203,20,64,33,39,0.319,0.368,0.499,0.867
2016,Buster Posey,poseybu01,NL,SFG,11,0,3%,4.9,146,539,82,155,14,80,6,64,0.288,0.362,0.434,0.796
2016,DJ LeMahieu,lemahdj01,NL,COL,8,0,2%,5.3,146,552,104,192,11,66,11,66,0.348,0.416,0.495,0.911
2016,Wilson Ramos,ramoswi01,NL,WSN,6,0,1%,3.2,131,482,58,148,22,80,0,35,0.307,0.354,0.496,0.85
2016,Addison Russell,russead02,NL,CHC,5,0,1%,4.1,151,525,67,125,21,95,5,55,0.238,0.321,0.417,0.738
2016,Christian Yelich,yelicch01,NL,MIA,5,0,1%,5.4,155,578,78,172,21,98,9,72,0.298,0.376,0.483,0.859
2016,Yasmani Grandal,grandya01,NL,LAD,4,0,1%,2.7,126,390,49,89,27,72,1,64,0.228,0.339,0.477,0.816
2016,Ryan Braun,braunry02,NL,MIL,2,0,0%,4.4,135,511,80,156,30,91,16,46,0.305,0.365,0.538,0.903
2016,Yadier Molina,molinya01,NL,STL,2,0,0%,3.1,147,534,56,164,8,58,3,39,0.307,0.36,0.427,0.787
2016,Charlie Blackmon,blackch02,NL,COL,1,0,0%,4.5,143,578,111,187,29,82,17,43,0.324,0.381,0.552,0.933
2015,Bryce Harper,harpebr03,NL,WSN,420,30,100%,10,153,521,118,172,42,99,6,124,0.33,0.46,0.649,1.109
2015,Paul Goldschmidt,goldspa01,NL,ARI,234,0,56%,8.7,159,567,103,182,33,110,21,118,0.321,0.435,0.57,1.005
2015,Joey Votto,vottojo01,NL,CIN,175,0,42%,7.7,158,545,95,171,29,80,11,143,0.314,0.459,0.541,1
2015,Anthony Rizzo,rizzoan01,NL,CHC,162,0,39%,6.4,160,586,94,163,31,101,17,78,0.278,0.387,0.512,0.899
2015,Andrew McCutchen,mccutan01,NL,PIT,139,0,33%,4.9,157,566,91,165,23,96,11,98,0.292,0.401,0.488,0.889
2015,Nolan Arenado,arenano01,NL,COL,102,0,24%,5.8,157,616,97,177,42,130,2,34,0.287,0.323,0.575,0.898
2015,Buster Posey,poseybu01,NL,SFG,84,0,20%,6,150,557,74,177,19,95,2,56,0.318,0.379,0.47,0.849
2015,Kris Bryant,bryankr01,NL,CHC,34,0,8%,6.1,151,559,87,154,26,99,13,77,0.275,0.369,0.488,0.858
2015,Matt Carpenter,carpema01,NL,STL,26,0,6%,4,154,574,101,156,28,84,4,81,0.272,0.365,0.505,0.871
2015,Yoenis Cespedes,cespeyo01,NL,NYM,24,0,6%,2.3,57,230,39,66,17,44,4,14,0.287,0.337,0.604,0.942
2015,A.J. Pollock,polloaj01,NL,ARI,21,0,5%,7.2,157,609,111,192,20,76,39,53,0.315,0.367,0.498,0.865
2015,Jason Heyward,heywaja01,NL,STL,15,0,4%,6.6,154,547,79,160,13,60,23,56,0.293,0.359,0.439,0.797
2015,Dee Gordon,gordode01,NL,MIA,6,0,1%,5.1,145,615,88,205,4,46,58,25,0.333,0.359,0.418,0.776
2015,Curtis Granderson,grandcu01,NL,NYM,4,0,1%,5,157,580,98,150,26,70,11,91,0.259,0.364,0.457,0.821
2015,Adrian Gonzalez,gonzaad01,NL,LAD,3,0,1%,4.1,156,571,76,157,28,90,0,62,0.275,0.35,0.48,0.83
2014,Giancarlo Stanton,stantmi03,NL,MIA,298,8,71%,6.5,145,539,89,155,37,105,13,94,0.288,0.395,0.555,0.95
2014,Andrew McCutchen,mccutan01,NL,PIT,271,4,65%,6.1,146,548,89,172,25,83,18,84,0.314,0.41,0.542,0.952
2014,Jonathan Lucroy,lucrojo01,NL,MIL,167,0,40%,6.6,153,585,73,176,13,69,4,66,0.301,0.373,0.465,0.837
2014,Anthony Rendon,rendoan01,NL,WSN,155,0,37%,6.6,153,613,111,176,21,83,17,58,0.287,0.351,0.473,0.824
2014,Buster Posey,poseybu01,NL,SFG,152,0,36%,5.4,147,547,72,170,22,89,0,47,0.311,0.364,0.49,0.854
2014,Adrian Gonzalez,gonzaad01,NL,LAD,57,0,14%,3.8,159,591,83,163,27,116,1,56,0.276,0.335,0.482,0.817
2014,Josh Harrison,harrijo05,NL,PIT,52,0,12%,5.5,143,520,77,164,13,52,18,22,0.315,0.347,0.49,0.837
2014,Anthony Rizzo,rizzoan01,NL,CHC,37,0,9%,5.2,140,524,89,150,32,78,5,73,0.286,0.386,0.527,0.913
2014,Hunter Pence,pencehu01,NL,SFG,34,0,8%,3.8,162,650,106,180,20,74,13,52,0.277,0.332,0.445,0.777
2014,Russell Martin,martiru01,NL,PIT,21,0,5%,5.4,111,379,45,110,11,67,4,59,0.29,0.402,0.43,0.832
2014,Matt Holliday,hollima01,NL,STL,17,0,4%,3.4,156,574,83,156,20,90,4,74,0.272,0.37,0.441,0.811
2014,Jhonny Peralta,peraljh01,NL,STL,17,0,4%,5.9,157,560,61,147,21,75,3,58,0.263,0.336,0.443,0.779
2014,Carlos Gomez,gomezca01,NL,MIL,13,0,3%,4.5,148,574,95,163,23,73,34,47,0.284,0.356,0.477,0.833
2014,Justin Upton,uptonju01,NL,ATL,10,0,2%,3.1,154,566,77,153,29,102,8,60,0.27,0.342,0.491,0.833
2014,Jayson Werth,werthja01,NL,WSN,9,0,2%,4,147,534,85,156,16,82,9,83,0.292,0.394,0.455,0.849
2014,Yasiel Puig,puigya01,NL,LAD,8,0,2%,5.1,148,558,92,165,16,69,11,67,0.296,0.382,0.48,0.863
2014,Denard Span,spande01,NL,WSN,8,0,2%,3.8,147,610,94,184,5,37,31,50,0.302,0.355,0.416,0.771
2014,Devin Mesoraco,mesorde01,NL,CIN,5,0,1%,4.7,114,384,54,105,25,80,1,41,0.273,0.359,0.534,0.893
2014,Lucas Duda,dudalu01,NL,NYM,3,0,1%,3.7,153,514,74,130,30,92,3,69,0.253,0.349,0.481,0.83
2014,Freddie Freeman,freemfr01,NL,ATL,2,0,0%,3.2,162,607,93,175,18,78,3,90,0.288,0.386,0.461,0.847
2014,Justin Morneau,morneju01,NL,COL,2,0,0%,3.2,135,502,62,160,17,82,0,34,0.319,0.364,0.496,0.86
2014,Dee Gordon,gordode01,NL,LAD,1,0,0%,2.5,148,609,92,176,2,34,64,31,0.289,0.326,0.378,0.704
2014,Troy Tulowitzki,tulowtr01,NL,COL,1,0,0%,5.5,91,315,71,107,21,52,1,50,0.34,0.432,0.603,1.035
2013,Andrew McCutchen,mccutan01,NL,PIT,409,28,97%,7.9,157,583,97,185,21,84,27,78,0.317,0.404,0.508,0.911
2013,Paul Goldschmidt,goldspa01,NL,ARI,242,0,58%,7.1,160,602,103,182,36,125,15,99,0.302,0.401,0.551,0.952
2013,Yadier Molina,molinya01,NL,STL,219,2,52%,6.1,136,505,68,161,12,80,3,30,0.319,0.359,0.477,0.836
2013,Matt Carpenter,carpema01,NL,STL,194,0,46%,6.5,157,626,126,199,11,78,3,72,0.318,0.392,0.481,0.873
2013,Freddie Freeman,freemfr01,NL,ATL,154,0,37%,5.7,147,551,89,176,23,109,1,66,0.319,0.396,0.501,0.897
2013,Joey Votto,vottojo01,NL,CIN,149,0,35%,6.6,162,581,101,177,24,73,6,135,0.305,0.435,0.491,0.926
2013,Hanley Ramirez,ramirha01,NL,LAD,58,0,14%,5.4,86,304,62,105,20,57,10,27,0.345,0.402,0.638,1.04
2013,Carlos Gomez,gomezca01,NL,MIL,43,0,10%,7.8,147,536,80,152,24,73,40,37,0.284,0.338,0.506,0.843
2013,Jay Bruce,bruceja01,NL,CIN,30,0,7%,5.1,160,626,89,164,30,109,7,63,0.262,0.329,0.478,0.807
2013,Shin-Soo Choo,choosh01,NL,CIN,23,0,5%,4.4,154,569,107,162,21,54,20,112,0.285,0.423,0.462,0.885
2013,Jayson Werth,werthja01,NL,WSN,20,0,5%,4.7,129,462,84,147,25,82,10,60,0.318,0.398,0.532,0.931
2013,Andrelton Simmons,simmoan01,NL,ATL,14,0,3%,7,157,606,76,150,17,59,6,40,0.248,0.296,0.396,0.692
2013,Yasiel Puig,puigya01,NL,LAD,10,0,2%,4.7,104,382,66,122,19,42,11,36,0.319,0.391,0.534,0.925
2013,Hunter Pence,pencehu01,NL,SFG,7,0,2%,3.8,162,629,91,178,27,99,22,52,0.283,0.339,0.483,0.822
2013,Troy Tulowitzki,tulowtr01,NL,COL,5,0,1%,5.3,126,446,72,139,25,82,1,57,0.312,0.391,0.54,0.931
2013,Allen Craig,craigal01,NL,STL,4,0,1%,2.3,134,508,71,160,13,97,2,40,0.315,0.373,0.457,0.83
2013,Adrian Gonzalez,gonzaad01,NL,LAD,4,0,1%,3.9,157,583,69,171,22,100,1,47,0.293,0.342,0.461,0.803
2013,Michael Cuddyer,cuddymi01,NL,COL,3,0,1%,2.1,130,489,74,162,20,84,10,46,0.331,0.389,0.53,0.919
2013,Buster Posey,poseybu01,NL,SFG,3,0,1%,5.3,148,520,61,153,15,72,2,60,0.294,0.371,0.45,0.821
2013,Matt Holliday,hollima01,NL,STL,2,0,0%,2.6,141,520,103,156,22,94,6,69,0.3,0.389,0.49,0.879
2013,Russell Martin,martiru01,NL,PIT,1,0,0%,4,127,438,51,99,15,55,9,58,0.226,0.327,0.377,0.703
2012,Buster Posey,poseybu01,NL,SFG,422,27,94%,7.6,148,530,78,178,24,103,1,69,0.336,0.408,0.549,0.957
2012,Ryan Braun,braunry02,NL,MIL,285,3,64%,6.9,154,598,108,191,41,112,30,63,0.319,0.391,0.595,0.987
2012,Andrew McCutchen,mccutan01,NL,PIT,245,0,55%,6.9,157,593,107,194,31,96,20,70,0.327,0.4,0.553,0.953
2012,Yadier Molina,molinya01,NL,STL,241,2,54%,7.2,138,505,65,159,22,76,12,45,0.315,0.373,0.501,0.874
2012,Chase Headley,headlch01,NL,SDP,127,0,28%,6.4,161,604,95,173,31,115,17,86,0.286,0.376,0.498,0.875
2012,Adam LaRoche,larocad01,NL,WSN,86,0,19%,4.2,154,571,76,155,33,100,1,67,0.271,0.343,0.51,0.853
2012,David Wright,wrighda03,NL,NYM,86,0,19%,7.1,156,581,91,178,21,93,15,81,0.306,0.391,0.492,0.883
2012,Aramis Ramirez,ramirar01,NL,MIL,47,0,10%,5.6,149,570,92,171,27,105,9,44,0.3,0.36,0.54,0.901
2012,Jay Bruce,bruceja01,NL,CIN,46,0,10%,2.2,155,560,89,141,34,99,9,62,0.252,0.327,0.514,0.841
2012,Matt Holliday,hollima01,NL,STL,34,0,8%,4,157,599,95,177,27,102,4,75,0.295,0.379,0.497,0.877
2012,Brandon Phillips,phillbr01,NL,CIN,18,0,4%,4,147,580,86,163,18,77,15,28,0.281,0.321,0.429,0.75
2012,Joey Votto,vottojo01,NL,CIN,16,0,4%,5.9,111,374,59,126,14,56,5,94,0.337,0.474,0.567,1.041
2012,Ian Desmond,desmoia01,NL,WSN,15,0,3%,3.4,130,513,72,150,25,73,21,30,0.292,0.335,0.511,0.845
2012,Michael Bourn,bournmi01,NL,ATL,12,0,3%,6,155,624,96,171,9,57,42,70,0.274,0.348,0.391,0.739
2012,Allen Craig,craigal01,NL,STL,10,0,2%,2.4,119,469,76,144,22,92,2,37,0.307,0.354,0.522,0.876
2012,Martin Prado,pradoma01,NL,ATL,8,0,2%,5.4,156,617,81,186,10,70,17,58,0.301,0.359,0.438,0.796
2012,Alfonso Soriano,soriaal01,NL,CHC,8,0,2%,1.9,151,561,68,147,32,108,6,44,0.262,0.322,0.499,0.821
2012,Giancarlo Stanton,stantmi03,NL,MIA,7,0,2%,5.4,123,449,75,130,37,86,6,46,0.29,0.361,0.608,0.969
2012,Ryan Zimmerman,zimmery01,NL,WSN,7,0,2%,3.9,145,578,93,163,25,95,5,57,0.282,0.346,0.478,0.824
2012,Carlos Beltran,beltrca01,NL,STL,6,0,1%,3.9,151,547,83,147,32,97,13,65,0.269,0.346,0.495,0.842
2012,Aaron Hill,hillaa01,NL,ARI,6,0,1%,5.1,156,609,93,184,26,85,14,52,0.302,0.36,0.522,0.882
2012,Jason Heyward,heywaja01,NL,ATL,4,0,1%,5.5,158,587,93,158,27,82,21,58,0.269,0.335,0.479,0.814
2012,Carlos Ruiz,ruizca01,NL,PHI,4,0,1%,4.6,114,372,56,121,16,68,4,29,0.325,0.394,0.54,0.935
2012,Bryce Harper,harpebr03,NL,WSN,2,0,0%,5.2,139,533,98,144,22,59,18,56,0.27,0.34,0.477,0.817
2012,Chipper Jones,jonesch06,NL,ATL,1,0,0%,2.8,112,387,58,111,14,62,1,57,0.287,0.377,0.455,0.832
2012,Miguel Montero,montemi01,NL,ARI,1,0,0%,4.5,141,486,65,139,15,88,0,73,0.286,0.391,0.438,0.829
2012,Angel Pagan,paganan01,NL,SFG,1,0,0%,4.2,154,605,95,174,8,56,29,48,0.288,0.338,0.44,0.778
2012,Hunter Pence,pencehu01,NL,TOT,1,0,0%,1.3,160,617,87,156,24,104,5,56,0.253,0.319,0.425,0.743
2011,Ryan Braun,braunry02,NL,MIL,388,20,87%,7.7,150,563,109,187,33,111,33,58,0.332,0.397,0.597,0.994
2011,Matt Kemp,kempma01,NL,LAD,332,10,74%,8,161,602,115,195,39,126,40,74,0.324,0.399,0.586,0.986
2011,Prince Fielder,fieldpr01,NL,MIL,229,1,51%,4.5,162,569,95,170,38,120,1,107,0.299,0.415,0.566,0.981
2011,Justin Upton,uptonju01,NL,ARI,214,1,48%,5.5,159,592,105,171,31,88,21,59,0.289,0.369,0.529,0.898
2011,Albert Pujols,pujolal01,NL,STL,166,0,37%,5.3,147,579,105,173,37,99,9,61,0.299,0.366,0.541,0.906
2011,Joey Votto,vottojo01,NL,CIN,135,0,30%,6.6,161,599,101,185,29,103,8,110,0.309,0.416,0.531,0.947
2011,Lance Berkman,berkmla01,NL,STL,118,0,26%,3.8,145,488,90,147,31,94,2,92,0.301,0.412,0.547,0.959
2011,Troy Tulowitzki,tulowtr01,NL,COL,69,0,15%,6.2,143,537,81,162,30,105,9,59,0.302,0.372,0.544,0.916
2011,Ryan Howard,howarry01,NL,PHI,39,0,9%,1.2,152,557,81,141,33,116,1,75,0.253,0.346,0.488,0.835
2011,Jose Reyes,reyesjo01,NL,NYM,31,0,7%,4.6,126,537,101,181,7,44,39,43,0.337,0.384,0.493,0.877
2011,Shane Victorino,victosh01,NL,PHI,18,0,4%,5.5,132,519,95,145,17,61,19,55,0.279,0.355,0.491,0.847
2011,Hunter Pence,pencehu01,NL,TOT,10,0,2%,5.7,154,606,84,190,22,97,8,56,0.314,0.37,0.502,0.871
2011,Pablo Sandoval,sandopa01,NL,SFG,7,0,2%,6,117,426,55,134,23,70,2,32,0.315,0.357,0.552,0.909
2011,Mike Morse,morsemi01,NL,WSN,5,0,1%,3.4,146,522,73,158,31,95,2,36,0.303,0.36,0.55,0.91
2011,Carlos Beltran,beltrca01,NL,TOT,3,0,1%,4.5,142,520,78,156,22,84,4,71,0.3,0.385,0.525,0.91
2011,Yadier Molina,molinya01,NL,STL,2,0,0%,2.9,139,475,55,145,14,65,4,33,0.305,0.349,0.465,0.814
2011,Miguel Montero,montemi01,NL,ARI,2,0,0%,4.4,140,493,65,139,18,86,1,47,0.282,0.351,0.469,0.82
2011,Starlin Castro,castrst01,NL,CHC,1,0,0%,3.2,158,674,91,207,10,66,22,35,0.307,0.341,0.432,0.773
2011,Carlos Ruiz,ruizca01,NL,PHI,1,0,0%,2.9,132,410,49,116,6,40,1,48,0.283,0.371,0.383,0.754
2011,Giancarlo Stanton,stantmi03,NL,FLA,1,0,0%,4.1,150,516,79,135,34,87,5,70,0.262,0.356,0.537,0.893
2010,Joey Votto,vottojo01,NL,CIN,443,31,99%,7,150,547,106,177,37,113,16,91,0.324,0.424,0.6,1.024
2010,Albert Pujols,pujolal01,NL,STL,279,1,62%,7.5,159,587,115,183,42,118,14,103,0.312,0.414,0.596,1.011
2010,Carlos Gonzalez,gonzaca01,NL,COL,240,0,54%,5.9,145,587,111,197,34,117,26,40,0.336,0.376,0.598,0.974
2010,Adrian Gonzalez,gonzaad01,NL,SDP,197,0,44%,4.4,160,591,87,176,31,101,0,93,0.298,0.393,0.511,0.904
2010,Troy Tulowitzki,tulowtr01,NL,COL,132,0,29%,6.7,122,470,89,148,27,95,11,48,0.315,0.381,0.568,0.949
2010,Aubrey Huff,huffau01,NL,SFG,70,0,16%,5.7,157,569,100,165,26,86,7,83,0.29,0.385,0.506,0.891
2010,Jayson Werth,werthja01,NL,PHI,52,0,12%,4.5,156,554,106,164,27,85,13,82,0.296,0.388,0.532,0.921
2010,Martin Prado,pradoma01,NL,ATL,51,0,11%,5,140,599,100,184,15,66,5,40,0.307,0.35,0.459,0.809
2010,Ryan Howard,howarry01,NL,PHI,50,0,11%,1.2,143,550,87,152,31,108,1,59,0.276,0.353,0.505,0.859
2010,Buster Posey,poseybu01,NL,SFG,40,0,9%,3.9,108,406,58,124,18,67,0,30,0.305,0.357,0.505,0.862
2010,Matt Holliday,hollima01,NL,STL,32,0,7%,5.9,158,596,95,186,28,103,9,69,0.312,0.39,0.532,0.922
2010,Scott Rolen,rolensc01,NL,CIN,26,0,6%,4.1,133,471,66,134,20,83,1,50,0.285,0.358,0.497,0.854
2010,Ryan Braun,braunry02,NL,MIL,19,0,4%,5.7,157,619,101,188,25,103,14,56,0.304,0.365,0.501,0.866
2010,Ryan Zimmerman,zimmery01,NL,WSN,18,0,4%,6.2,142,525,85,161,25,85,4,69,0.307,0.388,0.51,0.899
2010,Carlos Ruiz,ruizca01,NL,PHI,12,0,3%,4,121,371,43,112,8,53,0,55,0.302,0.4,0.447,0.847
2010,Dan Uggla,ugglada01,NL,FLA,12,0,3%,4.3,159,589,100,169,33,105,4,78,0.287,0.369,0.508,0.877
2010,Jason Heyward,heywaja01,NL,ATL,11,0,2%,6.4,142,520,83,144,18,72,11,91,0.277,0.393,0.456,0.849
2010,Adam Dunn,dunnad01,NL,WSN,9,0,2%,2.5,158,558,85,145,38,103,0,77,0.26,0.356,0.536,0.892
2010,Brian McCann,mccanbr01,NL,ATL,9,0,2%,3.6,143,479,63,129,21,77,5,74,0.269,0.375,0.453,0.828
2010,David Wright,wrighda03,NL,NYM,3,0,1%,2.8,157,587,87,166,29,103,19,69,0.283,0.354,0.503,0.856
2010,Corey Hart,hartco01,NL,MIL,2,0,0%,3.9,145,558,91,158,31,102,7,45,0.283,0.34,0.525,0.865
2009,Albert Pujols,pujolal01,NL,STL,448,32,100%,9.7,160,568,124,186,47,135,16,115,0.327,0.443,0.658,1.101
2009,Hanley Ramirez,ramirha01,NL,FLA,233,0,52%,7.4,151,576,101,197,24,106,27,61,0.342,0.41,0.543,0.954
2009,Ryan Howard,howarry01,NL,PHI,217,0,48%,3.8,160,616,105,172,45,141,8,75,0.279,0.36,0.571,0.931
2009,Prince Fielder,fieldpr01,NL,MIL,203,0,45%,6.3,162,591,103,177,46,141,2,110,0.299,0.412,0.602,1.014
2009,Troy Tulowitzki,tulowtr01,NL,COL,172,0,38%,6.5,151,543,101,161,32,92,20,73,0.297,0.377,0.552,0.93
2009,Andre Ethier,ethiean01,NL,LAD,113,0,25%,3,160,596,92,162,31,106,6,72,0.272,0.361,0.508,0.869
2009,Pablo Sandoval,sandopa01,NL,SFG,89,0,20%,4.3,153,572,79,189,25,90,5,52,0.33,0.387,0.556,0.943
2009,Chase Utley,utleych01,NL,PHI,84,0,19%,8.2,156,571,112,161,31,93,23,88,0.282,0.397,0.508,0.905
2009,Derrek Lee,leede02,NL,CHC,66,0,15%,5.4,141,532,91,163,35,111,1,76,0.306,0.393,0.579,0.972
2009,Matt Kemp,kempma01,NL,LAD,49,0,11%,4.9,159,606,97,180,26,101,34,52,0.297,0.352,0.49,0.842
2009,Ryan Braun,braunry02,NL,MIL,43,0,10%,6.2,158,635,113,203,32,114,20,57,0.32,0.386,0.551,0.937
2009,Adrian Gonzalez,gonzaad01,NL,SDP,30,0,7%,6.9,160,552,90,153,40,99,1,119,0.277,0.407,0.551,0.958
2009,Todd Helton,heltoto01,NL,COL,28,0,6%,3.3,151,544,79,177,15,86,0,89,0.325,0.416,0.489,0.904
2009,Matt Holliday,hollima01,NL,STL,15,0,3%,2.3,63,235,42,83,13,55,2,26,0.353,0.419,0.604,1.023
2009,Jayson Werth,werthja01,NL,PHI,10,0,2%,4.5,159,571,98,153,36,99,20,91,0.268,0.373,0.506,0.879
2009,Shane Victorino,victosh01,NL,PHI,8,0,2%,3.7,156,620,102,181,10,62,25,60,0.292,0.358,0.445,0.803
2009,Yunel Escobar,escobyu01,NL,ATL,6,0,1%,4.3,141,528,89,158,14,76,5,57,0.299,0.377,0.436,0.812
2009,Mark Reynolds,reynoma01,NL,ARI,6,0,1%,3.3,155,578,98,150,44,102,24,76,0.26,0.349,0.543,0.892
2009,Joey Votto,vottojo01,NL,CIN,4,0,1%,4.8,131,469,82,151,25,84,4,70,0.322,0.414,0.567,0.981
2009,Yadier Molina,molinya01,NL,STL,3,0,1%,3.2,140,481,45,141,6,54,9,50,0.293,0.366,0.383,0.749
2009,Miguel Tejada,tejadmi01,NL,HOU,3,0,1%,1.9,158,635,83,199,14,86,5,19,0.313,0.34,0.455,0.795
2009,Justin Upton,uptonju01,NL,ARI,2,0,0%,4,138,526,84,158,26,86,20,55,0.3,0.366,0.532,0.899
2009,Ryan Zimmerman,zimmery01,NL,WSN,2,0,0%,7.3,157,610,110,178,33,106,2,72,0.292,0.364,0.525,0.888
2009,Chris Coghlan,coghlch01,NL,FLA,1,0,0%,1.1,128,504,84,162,9,47,8,53,0.321,0.39,0.46,0.85
2009,Brad Hawpe,hawpebr01,NL,COL,1,0,0%,1.4,145,501,82,143,23,86,1,79,0.285,0.384,0.519,0.903
2008,Albert Pujols,pujolal01,NL,STL,369,18,82%,9.2,148,524,100,187,37,116,7,104,0.357,0.462,0.653,1.114
2008,Ryan Howard,howarry01,NL,PHI,308,12,69%,1.8,162,610,105,153,48,146,1,81,0.251,0.339,0.543,0.881
2008,Ryan Braun,braunry02,NL,MIL,139,0,31%,4.6,151,611,92,174,37,106,14,42,0.285,0.335,0.553,0.888
2008,Manny Ramirez,ramirma02,NL,LAD,138,0,31%,3.5,53,187,36,74,17,53,2,35,0.396,0.489,0.743,1.232
2008,Lance Berkman,berkmla01,NL,HOU,126,0,28%,6.9,159,554,114,173,29,106,18,99,0.312,0.42,0.567,0.986
2008,David Wright,wrighda03,NL,NYM,115,0,26%,6.9,160,626,115,189,33,124,15,94,0.302,0.39,0.534,0.924
2008,Carlos Delgado,delgaca01,NL,NYM,96,0,21%,1.3,159,598,96,162,38,115,1,72,0.271,0.353,0.518,0.871
2008,Aramis Ramirez,ramirar01,NL,CHC,66,0,15%,3,149,554,97,160,27,111,2,74,0.289,0.38,0.518,0.898
2008,Hanley Ramirez,ramirha01,NL,FLA,55,0,12%,6.7,153,589,125,177,33,67,35,92,0.301,0.4,0.54,0.94
2008,Chipper Jones,jonesch06,NL,ATL,44,0,10%,7.3,128,439,82,160,22,75,4,90,0.364,0.47,0.574,1.044
2008,Geovany Soto,sotoge01,NL,CHC,41,0,9%,3.3,141,494,66,141,23,86,0,62,0.285,0.364,0.504,0.868
2008,Chase Utley,utleych01,NL,PHI,30,0,7%,9,159,607,113,177,33,104,14,64,0.292,0.38,0.535,0.915
2008,Ryan Ludwick,ludwiry01,NL,STL,17,0,4%,5.5,152,538,104,161,37,113,4,62,0.299,0.375,0.591,0.966
2008,Adrian Gonzalez,gonzaad01,NL,SDP,13,0,3%,3.5,162,616,103,172,36,119,0,74,0.279,0.361,0.51,0.871
2008,Matt Holliday,hollima01,NL,COL,13,0,3%,5.9,139,539,107,173,25,88,28,74,0.321,0.409,0.538,0.947
2008,Prince Fielder,fieldpr01,NL,MIL,11,0,2%,1.5,159,588,86,162,34,102,3,84,0.276,0.372,0.507,0.879
2008,Carlos Beltran,beltrca01,NL,NYM,10,0,2%,7,161,606,116,172,27,112,25,92,0.284,0.376,0.5,0.876
2008,Derrek Lee,leede02,NL,CHC,10,0,2%,1.9,155,623,93,181,20,90,8,71,0.291,0.361,0.462,0.823
2008,Jose Reyes,reyesjo01,NL,NYM,3,0,1%,4.8,159,688,113,204,16,68,56,66,0.297,0.358,0.475,0.833
2008,Stephen Drew,drewst01,NL,ARI,2,0,0%,3,152,611,91,178,21,67,3,41,0.291,0.333,0.502,0.836
2008,Nate McLouth,mclouna01,NL,PIT,1,0,0%,2.4,152,597,113,165,26,94,23,65,0.276,0.356,0.497,0.853
2007,Jimmy Rollins,rolliji01,NL,PHI,353,16,79%,6.1,162,716,139,212,30,94,41,49,0.296,0.344,0.531,0.875
2007,Matt Holliday,hollima01,NL,COL,336,11,75%,6,158,636,120,216,36,137,11,63,0.34,0.405,0.607,1.012
2007,Prince Fielder,fieldpr01,NL,MIL,284,5,63%,3.6,158,573,109,165,50,119,2,90,0.288,0.395,0.618,1.013
2007,David Wright,wrighda03,NL,NYM,182,0,41%,8.3,160,604,113,196,30,107,34,94,0.325,0.416,0.546,0.963
2007,Ryan Howard,howarry01,NL,PHI,112,0,25%,2.9,144,529,94,142,47,136,1,107,0.268,0.392,0.584,0.976
2007,Chipper Jones,jonesch06,NL,ATL,107,0,24%,7.6,134,513,108,173,29,102,5,82,0.337,0.425,0.604,1.029
2007,Chase Utley,utleych01,NL,PHI,89,0,20%,7.8,132,530,104,176,22,103,9,50,0.332,0.41,0.566,0.976
2007,Albert Pujols,pujolal01,NL,STL,50,0,11%,8.7,158,565,99,185,32,103,2,99,0.327,0.429,0.568,0.997
2007,Hanley Ramirez,ramirha01,NL,FLA,49,0,11%,4.4,154,639,125,212,29,81,51,52,0.332,0.386,0.562,0.948
2007,Eric Byrnes,byrneer01,NL,ARI,43,0,10%,3.7,160,626,103,179,21,83,50,57,0.286,0.353,0.46,0.813
2007,Alfonso Soriano,soriaal01,NL,CHC,39,0,9%,4.3,135,579,97,173,33,70,19,31,0.299,0.337,0.56,0.897
2007,Aramis Ramirez,ramirar01,NL,CHC,36,0,8%,5.3,132,506,72,157,26,101,0,43,0.31,0.366,0.549,0.915
2007,Miguel Cabrera,cabremi01,NL,FLA,18,0,4%,3.2,157,588,91,188,34,119,2,79,0.32,0.401,0.565,0.965
2007,Jose Reyes,reyesjo01,NL,NYM,16,0,4%,5.1,160,681,119,191,12,57,78,77,0.28,0.354,0.421,0.775
2007,Troy Tulowitzki,tulowtr01,NL,COL,13,0,3%,6.8,155,609,104,177,24,99,7,57,0.291,0.359,0.479,0.838
2007,Carlos Lee,leeca01,NL,HOU,7,0,2%,2.4,162,627,93,190,32,119,10,53,0.303,0.354,0.528,0.882
2007,Carlos Beltran,beltrca01,NL,NYM,6,0,1%,5.4,144,554,93,153,33,112,23,69,0.276,0.353,0.525,0.878
2007,Adrian Gonzalez,gonzaad01,NL,SDP,6,0,1%,2.5,161,646,101,182,30,100,0,65,0.282,0.347,0.502,0.849
2007,Brandon Phillips,phillbr01,NL,CIN,3,0,1%,4,158,650,107,187,30,94,32,33,0.288,0.331,0.485,0.816
2007,Aaron Rowand,rowanaa01,NL,PHI,3,0,1%,5.1,161,612,105,189,27,89,6,47,0.309,0.374,0.515,0.889
2007,Ryan Braun,braunry02,NL,MIL,2,0,0%,2,113,451,91,146,34,97,15,29,0.324,0.37,0.634,1.004
2007,Brad Hawpe,hawpebr01,NL,COL,2,0,0%,1.5,152,516,80,150,29,116,0,81,0.291,0.387,0.539,0.926
2006,Ryan Howard,howarry01,NL,PHI,388,20,87%,5.2,159,581,104,182,58,149,0,108,0.313,0.425,0.659,1.084
2006,Albert Pujols,pujolal01,NL,STL,347,12,77%,8.5,143,535,119,177,49,137,7,92,0.331,0.431,0.671,1.102
2006,Lance Berkman,berkmla01,NL,HOU,230,0,51%,6,152,536,95,169,45,136,3,98,0.315,0.42,0.621,1.041
2006,Carlos Beltran,beltrca01,NL,NYM,211,0,47%,8.2,140,510,127,140,41,116,18,95,0.275,0.388,0.594,0.982
2006,Miguel Cabrera,cabremi01,NL,FLA,170,0,38%,5.8,158,576,112,195,26,114,9,86,0.339,0.43,0.568,0.998
2006,Alfonso Soriano,soriaal01,NL,WSN,106,0,24%,6.1,159,647,119,179,46,95,41,67,0.277,0.351,0.56,0.911
2006,Jose Reyes,reyesjo01,NL,NYM,98,0,22%,5.9,153,647,122,194,19,81,64,53,0.3,0.354,0.487,0.841
2006,Chase Utley,utleych01,NL,PHI,98,0,22%,7.3,160,658,131,203,32,102,15,63,0.309,0.379,0.527,0.906
2006,David Wright,wrighda03,NL,NYM,70,0,16%,4.1,154,582,96,181,26,116,20,66,0.311,0.381,0.531,0.912
2006,Andruw Jones,jonesan01,NL,ATL,29,0,6%,5.6,156,565,107,148,41,129,4,82,0.262,0.363,0.531,0.894
2006,Carlos Delgado,delgaca01,NL,NYM,23,0,5%,2.7,144,524,89,139,38,114,0,74,0.265,0.361,0.548,0.909
2006,Nomar Garciaparra,garcino01,NL,LAD,18,0,4%,2.5,122,469,82,142,20,93,3,42,0.303,0.367,0.505,0.872
2006,Rafael Furcal,furcara02,NL,LAD,11,0,2%,4.4,159,654,113,196,15,63,37,73,0.3,0.369,0.445,0.814
2006,Garrett Atkins,atkinga01,NL,COL,10,0,2%,5,157,602,117,198,29,120,4,79,0.329,0.409,0.556,0.965
2006,Matt Holliday,hollima01,NL,COL,10,0,2%,3.4,155,602,119,196,34,114,10,47,0.326,0.387,0.586,0.973
2006,Aramis Ramirez,ramirar01,NL,CHC,5,0,1%,3.5,157,594,93,173,38,119,2,50,0.291,0.352,0.561,0.912
2006,Freddy Sanchez,sanchfr01,NL,PIT,5,0,1%,4.4,157,582,85,200,6,85,3,31,0.344,0.378,0.473,0.851
2006,Chipper Jones,jonesch06,NL,ATL,3,0,1%,3.6,110,411,87,133,26,86,6,61,0.324,0.409,0.596,1.005
2006,Mike Cameron,camermi01,NL,SDP,2,0,0%,4.4,141,552,88,148,22,83,25,71,0.268,0.355,0.482,0.837
2006,Jimmy Rollins,rolliji01,NL,PHI,2,0,0%,4.6,158,689,127,191,25,83,36,57,0.277,0.334,0.478,0.811
2006,Jason Bay,bayja01,NL,PIT,1,0,0%,4.3,159,570,101,163,35,109,11,102,0.286,0.396,0.532,0.928
2005,Albert Pujols,pujolal01,NL,STL,378,18,84%,8.4,161,591,129,195,41,117,16,97,0.33,0.43,0.609,1.039
2005,Andruw Jones,jonesan01,NL,ATL,351,13,78%,6.7,160,586,95,154,51,128,5,64,0.263,0.347,0.575,0.922
2005,Derrek Lee,leede02,NL,CHC,263,1,59%,7.7,158,594,120,199,46,107,15,85,0.335,0.418,0.662,1.08
2005,Morgan Ensberg,ensbemo01,NL,HOU,160,0,36%,6.3,150,526,86,149,36,101,6,85,0.283,0.388,0.557,0.945
2005,Miguel Cabrera,cabremi01,NL,FLA,146,0,33%,5.2,158,613,106,198,33,116,1,64,0.323,0.385,0.561,0.947
2005,Carlos Delgado,delgaca01,NL,FLA,84,0,19%,2.8,144,521,81,157,33,115,0,72,0.301,0.399,0.582,0.981
2005,Pat Burrell,burrepa01,NL,PHI,65,0,15%,3.6,154,562,78,158,32,117,0,99,0.281,0.389,0.504,0.892
2005,Brian Giles,gilesbr02,NL,SDP,48,0,11%,4.9,158,545,92,164,15,83,13,119,0.301,0.423,0.483,0.905
2005,Jimmy Rollins,rolliji01,NL,PHI,45,0,10%,4.9,158,677,115,196,12,54,41,47,0.29,0.338,0.431,0.77
2005,Jason Bay,bayja01,NL,PIT,41,0,9%,5.7,162,599,110,183,32,101,21,95,0.306,0.402,0.559,0.961
2005,Chase Utley,utleych01,NL,PHI,22,0,5%,7.3,147,543,93,158,28,105,16,69,0.291,0.376,0.54,0.915
2005,Bobby Abreu,abreubo01,NL,PHI,21,0,5%,3.6,162,588,104,168,24,102,31,117,0.286,0.405,0.474,0.879
2005,Lance Berkman,berkmla01,NL,HOU,21,0,5%,3.2,132,468,76,137,24,82,4,91,0.293,0.411,0.524,0.934
2005,Carlos Lee,leeca01,NL,MIL,19,0,4%,1,162,618,85,164,32,114,13,57,0.265,0.324,0.487,0.811
2005,Jeff Kent,kentje01,NL,LAD,18,0,4%,3.8,149,553,100,160,29,105,6,72,0.289,0.377,0.512,0.889
2005,David Wright,wrighda03,NL,NYM,18,0,4%,4.8,160,575,99,176,27,102,17,72,0.306,0.388,0.523,0.912
2005,David Eckstein,eckstda01,NL,STL,15,0,3%,2.9,158,630,90,185,8,61,11,58,0.294,0.363,0.395,0.758
2005,Ken Griffey Jr.,griffke02,NL,CIN,5,0,1%,3.7,128,491,85,148,35,92,0,54,0.301,0.369,0.576,0.946
2005,Adam Dunn,dunnad01,NL,CIN,4,0,1%,2.9,160,543,107,134,40,101,4,114,0.247,0.387,0.54,0.927
2005,Jim Edmonds,edmonji01,NL,STL,4,0,1%,4.4,142,467,88,123,29,89,5,91,0.263,0.385,0.533,0.918
2005,Cliff Floyd,floydcl01,NL,NYM,4,0,1%,4.7,150,550,85,150,34,98,12,63,0.273,0.358,0.505,0.863
2005,Marcus Giles,gilesma01,NL,ATL,4,0,1%,4,152,577,104,168,15,63,16,64,0.291,0.365,0.461,0.826
2005,Jose Reyes,reyesjo01,NL,NYM,1,0,0%,1.6,161,696,99,190,7,58,60,27,0.273,0.3,0.386,0.687
2004,Barry Bonds,bondsba01,NL,SFG,407,24,91%,10.6,147,373,129,135,45,101,6,232,0.362,0.609,0.812,1.422
2004,Adrian Beltre,beltrad01,NL,LAD,311,6,69%,9.6,156,598,104,200,48,121,7,53,0.334,0.388,0.629,1.017
2004,Albert Pujols,pujolal01,NL,STL,247,1,55%,8.5,154,592,133,196,46,123,5,84,0.331,0.415,0.657,1.072
2004,Scott Rolen,rolensc01,NL,STL,226,1,50%,9.2,142,500,109,157,34,124,4,72,0.314,0.409,0.598,1.007
2004,Jim Edmonds,edmonji01,NL,STL,160,0,36%,7.2,153,498,102,150,42,111,8,101,0.301,0.418,0.643,1.061
2004,J.D. Drew,drewj.01,NL,ATL,114,0,25%,8.3,145,518,118,158,31,93,12,118,0.305,0.436,0.569,1.006
2004,Lance Berkman,berkmla01,NL,HOU,100,0,22%,6,160,544,104,172,30,106,9,127,0.316,0.45,0.566,1.016
2004,Mark Loretta,loretma01,NL,SDP,50,0,11%,6,154,620,108,208,16,76,5,58,0.335,0.391,0.495,0.886
2004,Aramis Ramirez,ramirar01,NL,CHC,42,0,9%,4.4,145,547,99,174,36,103,0,49,0.318,0.373,0.578,0.951
2004,Carlos Beltran,beltrca01,NL,HOU,20,0,4%,4.5,90,333,70,86,23,53,28,55,0.258,0.368,0.559,0.926
2004,Jeff Kent,kentje01,NL,HOU,18,0,4%,3.9,145,540,96,156,27,107,7,49,0.289,0.348,0.531,0.88
2004,Moises Alou,aloumo01,NL,CHC,15,0,3%,4,155,601,106,176,39,106,3,68,0.293,0.361,0.557,0.919
2004,Steve Finley,finlest01,NL,TOT,15,0,3%,3.2,162,628,92,170,36,94,9,61,0.271,0.333,0.49,0.823
2004,Todd Helton,heltoto01,NL,COL,9,0,2%,8.3,154,547,115,190,32,96,3,127,0.347,0.469,0.62,1.088
2004,Juan Pierre,pierrju01,NL,FLA,9,0,2%,3.9,162,678,100,221,3,49,45,45,0.326,0.374,0.407,0.781
2004,Johnny Estrada,estrajo01,NL,ATL,8,0,2%,2,134,462,56,145,9,76,0,39,0.314,0.378,0.45,0.828
2004,Jim Thome,thomeji01,NL,PHI,7,0,2%,3.2,143,508,97,139,42,105,0,104,0.274,0.396,0.581,0.977
2004,Miguel Cabrera,cabremi01,NL,FLA,5,0,1%,3.5,160,603,101,177,33,112,5,68,0.294,0.366,0.512,0.879
2004,Bobby Abreu,abreubo01,NL,PHI,3,0,1%,6.6,159,574,118,173,30,105,40,127,0.301,0.428,0.544,0.971
2004,Jeromy Burnitz,burnije01,NL,COL,3,0,1%,1.3,150,540,94,153,37,110,5,58,0.283,0.356,0.559,0.916
2004,Vinny Castilla,castivi02,NL,COL,3,0,1%,3.1,148,583,93,158,35,131,0,51,0.271,0.332,0.535,0.867
2004,Adam Dunn,dunnad01,NL,CIN,2,0,0%,4.7,161,568,105,151,46,102,6,108,0.266,0.388,0.569,0.956
2004,Phil Nevin,nevinph01,NL,SDP,1,0,0%,3.1,147,547,78,158,26,105,0,66,0.289,0.368,0.492,0.859
2004,Jimmy Rollins,rolliji01,NL,PHI,1,0,0%,4.7,154,657,119,190,14,73,30,57,0.289,0.348,0.455,0.803
2003,Barry Bonds,bondsba01,NL,SFG,426,28,95%,9.2,130,390,111,133,45,90,7,148,0.341,0.529,0.749,1.278
2003,Albert Pujols,pujolal01,NL,STL,303,3,68%,8.7,157,591,137,212,43,124,5,79,0.359,0.439,0.667,1.106
2003,Gary Sheffield,sheffga01,NL,ATL,247,1,55%,6.8,155,576,126,190,39,132,18,86,0.33,0.419,0.604,1.023
2003,Jim Thome,thomeji01,NL,PHI,203,0,45%,4.7,159,578,111,154,47,131,0,111,0.266,0.385,0.573,0.958
2003,Javy Lopez,lopezja01,NL,ATL,159,0,35%,6.8,129,457,89,150,43,109,0,33,0.328,0.378,0.687,1.065
2003,Todd Helton,heltoto01,NL,COL,75,0,17%,6.3,160,583,135,209,33,117,0,111,0.358,0.458,0.63,1.088
2003,Sammy Sosa,sosasa01,NL,CHC,53,0,12%,2.7,137,517,99,144,40,103,0,62,0.279,0.358,0.553,0.911
2003,Juan Pierre,pierrju01,NL,FLA,39,0,9%,3.5,162,668,100,204,1,41,65,55,0.305,0.361,0.373,0.734
2003,Mike Lowell,lowelmi01,NL,FLA,30,0,7%,2.8,130,492,76,136,32,105,3,56,0.276,0.35,0.53,0.881
2003,Richie Sexson,sexsori01,NL,MIL,21,0,5%,3.2,162,606,97,165,45,124,2,98,0.272,0.379,0.548,0.927
2003,Andruw Jones,jonesan01,NL,ATL,15,0,3%,4.9,156,595,101,165,36,116,4,53,0.277,0.338,0.513,0.851
2003,Jeff Bagwell,bagweje01,NL,HOU,14,0,3%,4.1,160,605,109,168,39,100,11,88,0.278,0.373,0.524,0.897
2003,Edgar Renteria,renteed01,NL,STL,13,0,3%,5.6,157,587,96,194,13,100,34,65,0.33,0.394,0.48,0.874
2003,Preston Wilson,wilsopr01,NL,COL,12,0,3%,2.6,155,600,94,169,36,141,14,54,0.282,0.343,0.537,0.88
2003,Vladimir Guerrero,guerrvl01,NL,MON,10,0,2%,3.2,112,394,71,130,25,79,9,63,0.33,0.426,0.586,1.012
2003,Marcus Giles,gilesma01,NL,ATL,9,0,2%,7.9,145,551,101,174,21,69,14,59,0.316,0.39,0.526,0.917
2003,Richard Hidalgo,hidalri01,NL,HOU,9,0,2%,5.7,141,514,91,159,28,88,9,58,0.309,0.385,0.572,0.957
2003,Luis Castillo,castilu01,NL,FLA,8,0,2%,4.4,152,595,99,187,6,39,21,63,0.314,0.381,0.397,0.778
2003,Ivan Rodriguez,rodriiv01,NL,FLA,5,0,1%,4.5,144,511,90,152,16,85,10,55,0.297,0.369,0.474,0.843
2003,Luis Gonzalez,gonzalu01,NL,ARI,4,0,1%,3.2,156,579,92,176,26,104,5,94,0.304,0.402,0.532,0.934
2003,Chipper Jones,jonesch06,NL,ATL,4,0,1%,4.4,153,555,103,169,27,106,2,94,0.305,0.402,0.517,0.92
2003,Bobby Abreu,abreubo01,NL,PHI,3,0,1%,5.4,158,577,99,173,20,101,22,109,0.3,0.409,0.468,0.877
2003,Miguel Cabrera,cabremi01,NL,FLA,3,0,1%,0.6,87,314,39,84,12,62,0,25,0.268,0.325,0.468,0.793
2003,Jim Edmonds,edmonji01,NL,STL,3,0,1%,6,137,447,89,123,39,89,1,77,0.275,0.385,0.617,1.002
2003,Mark Grudzielanek,grudzma01,NL,CHC,3,0,1%,2.3,121,481,73,151,3,38,6,30,0.314,0.366,0.416,0.782
2003,Derrek Lee,leede02,NL,FLA,3,0,1%,2.9,155,539,91,146,31,92,21,88,0.271,0.379,0.508,0.888
2003,Rafael Furcal,furcara02,NL,ATL,2,0,0%,4.9,156,664,130,194,15,61,25,60,0.292,0.352,0.443,0.794
2002,Barry Bonds,bondsba01,NL,SFG,448,32,100%,11.8,143,403,117,149,46,110,9,198,0.37,0.582,0.799,1.381
2002,Albert Pujols,pujolal01,NL,STL,276,0,62%,5.5,157,590,118,185,34,127,2,72,0.314,0.394,0.561,0.955
2002,Lance Berkman,berkmla01,NL,HOU,181,0,40%,4.9,158,578,106,169,42,128,8,107,0.292,0.405,0.578,0.982
2002,Vladimir Guerrero,guerrvl01,NL,MON,168,0,38%,7,161,614,106,206,39,111,40,84,0.336,0.417,0.593,1.01
2002,Shawn Green,greensh01,NL,LAD,146,0,33%,6.9,158,582,110,166,42,114,8,93,0.285,0.385,0.558,0.944
2002,Jeff Kent,kentje01,NL,SFG,135,0,30%,7.1,152,623,102,195,37,108,5,52,0.313,0.368,0.565,0.933
2002,Sammy Sosa,sosasa01,NL,CHC,63,0,14%,5.7,150,556,122,160,49,108,2,103,0.288,0.399,0.594,0.993
2002,Chipper Jones,jonesch06,NL,ATL,50,0,11%,5.8,158,548,90,179,26,100,8,107,0.327,0.435,0.536,0.972
2002,Brian Giles,gilesbr02,NL,PIT,27,0,6%,5.4,153,497,95,148,38,103,15,135,0.298,0.45,0.622,1.072
2002,Pat Burrell,burrepa01,NL,PHI,8,0,2%,4.6,157,586,96,165,37,116,1,89,0.282,0.376,0.544,0.92
2002,Junior Spivey,spiveju01,NL,ARI,8,0,2%,3.9,143,538,103,162,16,78,11,65,0.301,0.389,0.476,0.865
2002,Andruw Jones,jonesan01,NL,ATL,7,0,2%,6.6,154,560,91,148,35,94,8,83,0.264,0.366,0.513,0.878
2002,Jim Edmonds,edmonji01,NL,STL,6,0,1%,6.7,144,476,96,148,28,83,4,86,0.311,0.42,0.561,0.981
2002,Gary Sheffield,sheffga01,NL,ATL,6,0,1%,4.4,135,492,82,151,25,84,12,72,0.307,0.404,0.512,0.916
2002,Todd Helton,heltoto01,NL,COL,3,0,1%,6.3,156,553,107,182,30,109,5,99,0.329,0.429,0.577,1.006
2002,Edgar Renteria,renteed01,NL,STL,2,0,0%,4.2,152,544,77,166,11,83,22,49,0.305,0.364,0.439,0.803
2002,Benito Santiago,santibe01,NL,SFG,2,0,0%,2.6,126,478,56,133,16,74,4,27,0.278,0.315,0.45,0.765
2002,Larry Walker,walkela01,NL,COL,2,0,0%,6.1,136,477,95,161,26,104,6,65,0.338,0.421,0.602,1.023
2002,Jose Vidro,vidrojo01,NL,MON,1,0,0%,5.3,152,604,103,190,19,96,2,60,0.315,0.378,0.49,0.868
